snapshot,phase,declaration_order,source_sha256,object_sha256,official_fuzzy,structural,positional,all_preservation_gates
000,baseline_evaluation,decryptedData;controlFlags;dataLength;i;crcIndex;firstIndex;secondIndex;firstValue;secondValue;stateIndex;crc;inputCursor;state;outputCursor;result,ac7a459ef23327c3dd415b3146391da10553ce8bddeb82b9a4030c120dbd44b4,8dcc1e9c2c25201b4cc4e70f04951c5526b171da95c30cd462a094136e702e09,97.74143,0,87,PASS
001,neighbor_evaluation,controlFlags;decryptedData;dataLength;i;crcIndex;firstIndex;secondIndex;firstValue;secondValue;stateIndex;crc;inputCursor;state;outputCursor;result,bd7bb99ed8fe4640af628acb0fbc4c696a693953e588cb68438a34255fe3964b,8dcc1e9c2c25201b4cc4e70f04951c5526b171da95c30cd462a094136e702e09,97.74143,0,87,PASS
002,neighbor_evaluation,dataLength;controlFlags;decryptedData;i;crcIndex;firstIndex;secondIndex;firstValue;secondValue;stateIndex;crc;inputCursor;state;outputCursor;result,c13059f53348beb7b1fd1b7dbdf41eac349fe5f920d0440e06ec6792cda5fbee,6e6272af3b8a7e6faa9a778e84481375d4f8f7c5baf28058e462f6b453e706c2,97.3676,0,111,PASS
003,neighbor_evaluation,i;controlFlags;dataLength;decryptedData;crcIndex;firstIndex;secondIndex;firstValue;secondValue;stateIndex;crc;inputCursor;state;outputCursor;result,b305035a80e364ab59448a9fac02a6b960376879b0cd49b01232a14b9b4a9caf,6e6272af3b8a7e6faa9a778e84481375d4f8f7c5baf28058e462f6b453e706c2,97.3676,0,111,PASS
004,neighbor_evaluation,crcIndex;controlFlags;dataLength;i;decryptedData;firstIndex;secondIndex;firstValue;secondValue;stateIndex;crc;inputCursor;state;outputCursor;result,01d6fb3194473ed0fbf088b6ad73ed25d8ca5c34d52d92a3fbc07bf7df8cfb67,6e6272af3b8a7e6faa9a778e84481375d4f8f7c5baf28058e462f6b453e706c2,97.3676,0,111,PASS
005,neighbor_evaluation,firstIndex;controlFlags;dataLength;i;crcIndex;decryptedData;secondIndex;firstValue;secondValue;stateIndex;crc;inputCursor;state;outputCursor;result,2d80d00656c99771fc14bde95dbe924839b6aa5735da13f1d22b5878c1a86b76,6e6272af3b8a7e6faa9a778e84481375d4f8f7c5baf28058e462f6b453e706c2,97.3676,0,111,PASS
006,neighbor_evaluation,secondIndex;controlFlags;dataLength;i;crcIndex;firstIndex;decryptedData;firstValue;secondValue;stateIndex;crc;inputCursor;state;outputCursor;result,f1f974567f22b792fdb70cb1148dd9c2dc82dbe22c7868f6b753517ff2a46ef7,6e6272af3b8a7e6faa9a778e84481375d4f8f7c5baf28058e462f6b453e706c2,97.3676,0,111,PASS
007,neighbor_evaluation,firstValue;controlFlags;dataLength;i;crcIndex;firstIndex;secondIndex;decryptedData;secondValue;stateIndex;crc;inputCursor;state;outputCursor;result,8fc1ac8da211bbcd586cb297f610b83ce0aa681248c6b313f653d47bb7f5783d,af9e53e57abe1f29ba277e0fa3d93ac1537d1dd55c6983d1887fb4df831d6f7e,97.18069,0,114,PASS
008,neighbor_evaluation,secondValue;controlFlags;dataLength;i;crcIndex;firstIndex;secondIndex;firstValue;decryptedData;stateIndex;crc;inputCursor;state;outputCursor;result,ec512ca3dc20f47f11c8313c90d519fca6f8704ad6a2cda3fab0d15c8a02c96f,7ee4d39e1a67501811d70d7dd390be007a4a6569559fb4e4db8484326428b1ee,97.50779,0,111,PASS
009,neighbor_evaluation,stateIndex;controlFlags;dataLength;i;crcIndex;firstIndex;secondIndex;firstValue;secondValue;decryptedData;crc;inputCursor;state;outputCursor;result,fa8763db1dfaff3a416740297bb608e75ad2f6883e2a11c2face7b85a03c3202,6e6272af3b8a7e6faa9a778e84481375d4f8f7c5baf28058e462f6b453e706c2,97.3676,0,111,PASS
010,neighbor_evaluation,crc;controlFlags;dataLength;i;crcIndex;firstIndex;secondIndex;firstValue;secondValue;stateIndex;decryptedData;inputCursor;state;outputCursor;result,5052d3e5d9aa5c88af059a09f139eb2be9a21440cc23b24663f5cfa6341dabf1,6e6272af3b8a7e6faa9a778e84481375d4f8f7c5baf28058e462f6b453e706c2,97.3676,0,111,PASS
011,neighbor_evaluation,inputCursor;controlFlags;dataLength;i;crcIndex;firstIndex;secondIndex;firstValue;secondValue;stateIndex;crc;decryptedData;state;outputCursor;result,75389dafa261d5beb9c175bcf67ee987668f2c8b10815ec8bbc691abfae2f54a,6e6272af3b8a7e6faa9a778e84481375d4f8f7c5baf28058e462f6b453e706c2,97.3676,0,111,PASS
012,neighbor_evaluation,state;controlFlags;dataLength;i;crcIndex;firstIndex;secondIndex;firstValue;secondValue;stateIndex;crc;inputCursor;decryptedData;outputCursor;result,b8aa6701790457056f4f5aff8649a7f0b9dc0f52dd847944c8bc690543e076fb,45ae50ab82aac571e27d2468ea03dce70cf9c93e4a4f659ee4861d967359a964,97.47664,0,114,PASS
013,neighbor_evaluation,outputCursor;controlFlags;dataLength;i;crcIndex;firstIndex;secondIndex;firstValue;secondValue;stateIndex;crc;inputCursor;state;decryptedData;result,25213304e9d5c56a2703ba442eb3597421b398f56057910d7a495bce756e1c15,28a1072e2f0eefc7856786e6009d0dc9d96435f3f9333261837ae4a52fc9705b,96.978195,0,123,PASS
014,neighbor_evaluation,result;controlFlags;dataLength;i;crcIndex;firstIndex;secondIndex;firstValue;secondValue;stateIndex;crc;inputCursor;state;outputCursor;decryptedData,5c2021c80f57cfad18f6efc3b209e1dc28bc92f0629ac04cbc6ad632af5c850b,6e6272af3b8a7e6faa9a778e84481375d4f8f7c5baf28058e462f6b453e706c2,97.3676,0,111,PASS
015,neighbor_evaluation,decryptedData;dataLength;controlFlags;i;crcIndex;firstIndex;secondIndex;firstValue;secondValue;stateIndex;crc;inputCursor;state;outputCursor;result,de7958fd273001f69c212b279e5a5b1e41986c129cf3f34c3e832bf6cf79a04c,8dcc1e9c2c25201b4cc4e70f04951c5526b171da95c30cd462a094136e702e09,97.74143,0,87,PASS
016,neighbor_evaluation,decryptedData;i;dataLength;controlFlags;crcIndex;firstIndex;secondIndex;firstValue;secondValue;stateIndex;crc;inputCursor;state;outputCursor;result,be76e65bd34e051f386ff563a5b61f40eef29024d833e6ea389136e661895301,8dcc1e9c2c25201b4cc4e70f04951c5526b171da95c30cd462a094136e702e09,97.74143,0,87,PASS
017,neighbor_evaluation,decryptedData;crcIndex;dataLength;i;controlFlags;firstIndex;secondIndex;firstValue;secondValue;stateIndex;crc;inputCursor;state;outputCursor;result,d8dc726b9c68e9a60ed72c29072de58639a86b6decfc14e9d933ffe031ad0a33,8dcc1e9c2c25201b4cc4e70f04951c5526b171da95c30cd462a094136e702e09,97.74143,0,87,PASS
018,neighbor_evaluation,decryptedData;firstIndex;dataLength;i;crcIndex;controlFlags;secondIndex;firstValue;secondValue;stateIndex;crc;inputCursor;state;outputCursor;result,5531b1b82f267e6e71e09da48fd390979707bf3fd7b9c886a3bf57e0acbe65b8,8dcc1e9c2c25201b4cc4e70f04951c5526b171da95c30cd462a094136e702e09,97.74143,0,87,PASS
019,neighbor_evaluation,decryptedData;secondIndex;dataLength;i;crcIndex;firstIndex;controlFlags;firstValue;secondValue;stateIndex;crc;inputCursor;state;outputCursor;result,b8e80977eafb456d5eeba6390bb0e6978a6057bf770e82105a7a5139569ce89e,8dcc1e9c2c25201b4cc4e70f04951c5526b171da95c30cd462a094136e702e09,97.74143,0,87,PASS
020,neighbor_evaluation,decryptedData;firstValue;dataLength;i;crcIndex;firstIndex;secondIndex;controlFlags;secondValue;stateIndex;crc;inputCursor;state;outputCursor;result,82eb7d1c9430e24f0c33765148fb42d31b1f39c1a92e0137b8ebb0b97b33beb5,b5db6ee4f1a9ca5ffb476bd3e00e266108c408f6b35732bf7458cd193de9a9ac,97.55452,0,90,PASS
021,neighbor_evaluation,decryptedData;secondValue;dataLength;i;crcIndex;firstIndex;secondIndex;firstValue;controlFlags;stateIndex;crc;inputCursor;state;outputCursor;result,3176094eb46f60ea3fbfad5d70d3d169752650d58fadafa30d17ca7add7567ba,243e1cae7fc57681cee68ea32b602aa57c2c97a5454e8afb517ad11c2885d0d0,97.88162,0,87,PASS
022,neighbor_evaluation,decryptedData;stateIndex;dataLength;i;crcIndex;firstIndex;secondIndex;firstValue;secondValue;controlFlags;crc;inputCursor;state;outputCursor;result,4e86a3bd664ac8147ac18f130c70490751b38ba5300acc7e62f44a857aadf606,8dcc1e9c2c25201b4cc4e70f04951c5526b171da95c30cd462a094136e702e09,97.74143,0,87,PASS
023,neighbor_evaluation,decryptedData;crc;dataLength;i;crcIndex;firstIndex;secondIndex;firstValue;secondValue;stateIndex;controlFlags;inputCursor;state;outputCursor;result,8c95e28e7c5e93034a6b14c40817a4a7d859d280ce06585a2dad9cfabb9a0a90,8dcc1e9c2c25201b4cc4e70f04951c5526b171da95c30cd462a094136e702e09,97.74143,0,87,PASS
024,neighbor_evaluation,decryptedData;inputCursor;dataLength;i;crcIndex;firstIndex;secondIndex;firstValue;secondValue;stateIndex;crc;controlFlags;state;outputCursor;result,d40512a2239096edbc72332c91447c958f90f5f70374c2d0dc01519e60223593,8dcc1e9c2c25201b4cc4e70f04951c5526b171da95c30cd462a094136e702e09,97.74143,0,87,PASS
025,neighbor_evaluation,decryptedData;state;dataLength;i;crcIndex;firstIndex;secondIndex;firstValue;secondValue;stateIndex;crc;inputCursor;controlFlags;outputCursor;result,61719eaa2a794139c2ab0d116ccb316e669c35519315dd759a7a858a07d533c2,dfd1d67850d1a29039c7d60ad6673ff04cbe0d18eb2128f75be6ab5f96255667,97.850464,0,93,PASS
026,neighbor_evaluation,decryptedData;outputCursor;dataLength;i;crcIndex;firstIndex;secondIndex;firstValue;secondValue;stateIndex;crc;inputCursor;state;controlFlags;result,5a1e1a0470e5210f172dbd1106d0413a33e2672be4e6dd9fab285f3df18d8906,c3d0eece71331fb9838998c684bc7963e5b63fb6eb7fbef9ce3c6ca7d5d20644,97.35203,0,102,PASS
027,neighbor_evaluation,decryptedData;result;dataLength;i;crcIndex;firstIndex;secondIndex;firstValue;secondValue;stateIndex;crc;inputCursor;state;outputCursor;controlFlags,7458e66a2ab56a4a094e6227c6574ff2947e0c6bd41d3dbed9dce7cd25c626d4,8dcc1e9c2c25201b4cc4e70f04951c5526b171da95c30cd462a094136e702e09,97.74143,0,87,PASS
028,neighbor_evaluation,decryptedData;controlFlags;i;dataLength;crcIndex;firstIndex;secondIndex;firstValue;secondValue;stateIndex;crc;inputCursor;state;outputCursor;result,004d94d0cb2551ab70a64e53b0a5e1fa9a6907e8af1c4a89cd1b5e1a1410485a,8dcc1e9c2c25201b4cc4e70f04951c5526b171da95c30cd462a094136e702e09,97.74143,0,87,PASS
029,neighbor_evaluation,decryptedData;controlFlags;crcIndex;i;dataLength;firstIndex;secondIndex;firstValue;secondValue;stateIndex;crc;inputCursor;state;outputCursor;result,970d5e82bed0ffebbffb959a418c6bc128f638730d69d034f1df977feb56171f,8dcc1e9c2c25201b4cc4e70f04951c5526b171da95c30cd462a094136e702e09,97.74143,0,87,PASS
030,neighbor_evaluation,decryptedData;controlFlags;firstIndex;i;crcIndex;dataLength;secondIndex;firstValue;secondValue;stateIndex;crc;inputCursor;state;outputCursor;result,c76c9baa5413609c6bd0b39983302cc41cfa509e6da7cadce50e4249c1f8aaa0,8dcc1e9c2c25201b4cc4e70f04951c5526b171da95c30cd462a094136e702e09,97.74143,0,87,PASS
031,neighbor_evaluation,decryptedData;controlFlags;secondIndex;i;crcIndex;firstIndex;dataLength;firstValue;secondValue;stateIndex;crc;inputCursor;state;outputCursor;result,55149890656d1b7b69f9187ec8c9e64fafa5c8d3fff077c23359844986f04f4e,8dcc1e9c2c25201b4cc4e70f04951c5526b171da95c30cd462a094136e702e09,97.74143,0,87,PASS
032,neighbor_evaluation,decryptedData;controlFlags;firstValue;i;crcIndex;firstIndex;secondIndex;dataLength;secondValue;stateIndex;crc;inputCursor;state;outputCursor;result,6179794b0bdb552eaf295a2de60c641aeae1da3904647e770256933aa90638ef,b5db6ee4f1a9ca5ffb476bd3e00e266108c408f6b35732bf7458cd193de9a9ac,97.55452,0,90,PASS
033,neighbor_evaluation,decryptedData;controlFlags;secondValue;i;crcIndex;firstIndex;secondIndex;firstValue;dataLength;stateIndex;crc;inputCursor;state;outputCursor;result,2972c1b6f45de1084eda38aa10d16c5015590d7ef2d45c1850a97ff185b574e4,243e1cae7fc57681cee68ea32b602aa57c2c97a5454e8afb517ad11c2885d0d0,97.88162,0,87,PASS
034,neighbor_evaluation,decryptedData;controlFlags;stateIndex;i;crcIndex;firstIndex;secondIndex;firstValue;secondValue;dataLength;crc;inputCursor;state;outputCursor;result,7c37c38c0740200abd0e6df414116a72d0f80e892b117406986d0f1d13d88758,8dcc1e9c2c25201b4cc4e70f04951c5526b171da95c30cd462a094136e702e09,97.74143,0,87,PASS
035,neighbor_evaluation,decryptedData;controlFlags;crc;i;crcIndex;firstIndex;secondIndex;firstValue;secondValue;stateIndex;dataLength;inputCursor;state;outputCursor;result,26eaa3fbab33630bbc146feb650f62af2a4cc89abc18c4a653f6402f261f18d1,8dcc1e9c2c25201b4cc4e70f04951c5526b171da95c30cd462a094136e702e09,97.74143,0,87,PASS
036,neighbor_evaluation,decryptedData;controlFlags;inputCursor;i;crcIndex;firstIndex;secondIndex;firstValue;secondValue;stateIndex;crc;dataLength;state;outputCursor;result,7b8a785fe6b48b4966385283bfb9db14ae40cf2d0cb091af831eec8e51ec001e,8dcc1e9c2c25201b4cc4e70f04951c5526b171da95c30cd462a094136e702e09,97.74143,0,87,PASS
037,neighbor_evaluation,decryptedData;controlFlags;state;i;crcIndex;firstIndex;secondIndex;firstValue;secondValue;stateIndex;crc;inputCursor;dataLength;outputCursor;result,9c9ccfa8eb90fe1e6677162c5c9333005bf935ad9ed35a70e7e740274caac2a0,dfd1d67850d1a29039c7d60ad6673ff04cbe0d18eb2128f75be6ab5f96255667,97.850464,0,93,PASS
038,neighbor_evaluation,decryptedData;controlFlags;outputCursor;i;crcIndex;firstIndex;secondIndex;firstValue;secondValue;stateIndex;crc;inputCursor;state;dataLength;result,f4c86ac9fb3c318ecd8cfb0e44d180687de71d7d971f2a9fec5181984e9eb610,c3d0eece71331fb9838998c684bc7963e5b63fb6eb7fbef9ce3c6ca7d5d20644,97.35203,0,102,PASS
039,neighbor_evaluation,decryptedData;controlFlags;result;i;crcIndex;firstIndex;secondIndex;firstValue;secondValue;stateIndex;crc;inputCursor;state;outputCursor;dataLength,662c6f95a287893ac9bf1821250445a3bc3e8b899cd360044106679a657263ca,8dcc1e9c2c25201b4cc4e70f04951c5526b171da95c30cd462a094136e702e09,97.74143,0,87,PASS
040,neighbor_evaluation,decryptedData;controlFlags;dataLength;crcIndex;i;firstIndex;secondIndex;firstValue;secondValue;stateIndex;crc;inputCursor;state;outputCursor;result,f868923747a4af0a4314b06bd13fa46133ce5ca1b89fb9efbd982192a1227aac,8dcc1e9c2c25201b4cc4e70f04951c5526b171da95c30cd462a094136e702e09,97.74143,0,87,PASS
041,neighbor_evaluation,decryptedData;controlFlags;dataLength;firstIndex;crcIndex;i;secondIndex;firstValue;secondValue;stateIndex;crc;inputCursor;state;outputCursor;result,dcc6769722be12417d301321b909407ceba45cd271edcaee9e2eb65a64cb4cf3,8dcc1e9c2c25201b4cc4e70f04951c5526b171da95c30cd462a094136e702e09,97.74143,0,87,PASS
042,neighbor_evaluation,decryptedData;controlFlags;dataLength;secondIndex;crcIndex;firstIndex;i;firstValue;secondValue;stateIndex;crc;inputCursor;state;outputCursor;result,e9b8c12176c63481bc24c8fc45e202c3743812f4f7e20a498b8b3ed3f0232997,8dcc1e9c2c25201b4cc4e70f04951c5526b171da95c30cd462a094136e702e09,97.74143,0,87,PASS
043,neighbor_evaluation,decryptedData;controlFlags;dataLength;firstValue;crcIndex;firstIndex;secondIndex;i;secondValue;stateIndex;crc;inputCursor;state;outputCursor;result,574cd3789b2bbc37edf9be15be31d2e2b7113161b2d6983033f03dea14692b50,b5db6ee4f1a9ca5ffb476bd3e00e266108c408f6b35732bf7458cd193de9a9ac,97.55452,0,90,PASS
044,neighbor_evaluation,decryptedData;controlFlags;dataLength;secondValue;crcIndex;firstIndex;secondIndex;firstValue;i;stateIndex;crc;inputCursor;state;outputCursor;result,705a67d3a1100051fe9ec607d0817ea9d74c5f92b3e0b98b044a7935f1ee054d,243e1cae7fc57681cee68ea32b602aa57c2c97a5454e8afb517ad11c2885d0d0,97.88162,0,87,PASS
045,neighbor_evaluation,decryptedData;controlFlags;dataLength;stateIndex;crcIndex;firstIndex;secondIndex;firstValue;secondValue;i;crc;inputCursor;state;outputCursor;result,033dacd1cff730049f6f3fd997dd6fecf5753695ebc332fa8547c659dce9c9ca,8dcc1e9c2c25201b4cc4e70f04951c5526b171da95c30cd462a094136e702e09,97.74143,0,87,PASS
046,neighbor_evaluation,decryptedData;controlFlags;dataLength;crc;crcIndex;firstIndex;secondIndex;firstValue;secondValue;stateIndex;i;inputCursor;state;outputCursor;result,764ce380e0b2edc6c2cd1c03d8ea629f5b7b908d2c931cd6a47d2191dc94cb51,8dcc1e9c2c25201b4cc4e70f04951c5526b171da95c30cd462a094136e702e09,97.74143,0,87,PASS
047,neighbor_evaluation,decryptedData;controlFlags;dataLength;inputCursor;crcIndex;firstIndex;secondIndex;firstValue;secondValue;stateIndex;crc;i;state;outputCursor;result,c57e875efad0b642dd7de626750bba3d2a8750cdcd5bd30f61b90adbcf086658,8dcc1e9c2c25201b4cc4e70f04951c5526b171da95c30cd462a094136e702e09,97.74143,0,87,PASS
048,neighbor_evaluation,decryptedData;controlFlags;dataLength;state;crcIndex;firstIndex;secondIndex;firstValue;secondValue;stateIndex;crc;inputCursor;i;outputCursor;result,147ae81794cb92ee7787afc0e577d25b8e2dad59752dc4971a5eb8bc4b1d19b8,dfd1d67850d1a29039c7d60ad6673ff04cbe0d18eb2128f75be6ab5f96255667,97.850464,0,93,PASS
049,neighbor_evaluation,decryptedData;controlFlags;dataLength;outputCursor;crcIndex;firstIndex;secondIndex;firstValue;secondValue;stateIndex;crc;inputCursor;state;i;result,65193c71a368f0f89f45333c4cb88e72b2e99312e027ee9e55cfaaeec11d9399,c3d0eece71331fb9838998c684bc7963e5b63fb6eb7fbef9ce3c6ca7d5d20644,97.35203,0,102,PASS
050,neighbor_evaluation,decryptedData;controlFlags;dataLength;result;crcIndex;firstIndex;secondIndex;firstValue;secondValue;stateIndex;crc;inputCursor;state;outputCursor;i,027ef02ea8b4d486bd3518c782ef68374e4cf47b7ef2a360e722000c2fe93611,8dcc1e9c2c25201b4cc4e70f04951c5526b171da95c30cd462a094136e702e09,97.74143,0,87,PASS
051,neighbor_evaluation,decryptedData;controlFlags;dataLength;i;firstIndex;crcIndex;secondIndex;firstValue;secondValue;stateIndex;crc;inputCursor;state;outputCursor;result,f22cbce2ca9a96e32a6a23678c3467951021da046126d1e35897f2465385e621,8dcc1e9c2c25201b4cc4e70f04951c5526b171da95c30cd462a094136e702e09,97.74143,0,87,PASS
052,neighbor_evaluation,decryptedData;controlFlags;dataLength;i;secondIndex;firstIndex;crcIndex;firstValue;secondValue;stateIndex;crc;inputCursor;state;outputCursor;result,0e2b045d9e1aad4fc910e1e0a8bed5a6acecf316aa60d99bdb6dea99ccaf3256,8dcc1e9c2c25201b4cc4e70f04951c5526b171da95c30cd462a094136e702e09,97.74143,0,87,PASS
053,neighbor_evaluation,decryptedData;controlFlags;dataLength;i;firstValue;firstIndex;secondIndex;crcIndex;secondValue;stateIndex;crc;inputCursor;state;outputCursor;result,9a2b311c997e64e578bf3130ba6170716111da01fe5c0b23607b647020e9bebb,b5db6ee4f1a9ca5ffb476bd3e00e266108c408f6b35732bf7458cd193de9a9ac,97.55452,0,90,PASS
054,neighbor_evaluation,decryptedData;controlFlags;dataLength;i;secondValue;firstIndex;secondIndex;firstValue;crcIndex;stateIndex;crc;inputCursor;state;outputCursor;result,c87705486c00c20b5ec401c8ac74cddab408f0b7c0734b12a2ed9dbb0f790e3e,243e1cae7fc57681cee68ea32b602aa57c2c97a5454e8afb517ad11c2885d0d0,97.88162,0,87,PASS
055,neighbor_evaluation,decryptedData;controlFlags;dataLength;i;stateIndex;firstIndex;secondIndex;firstValue;secondValue;crcIndex;crc;inputCursor;state;outputCursor;result,5fa64025c8cd11f0e559481fe5e04bc2ac373378a9523c4827944d10b67597b3,8dcc1e9c2c25201b4cc4e70f04951c5526b171da95c30cd462a094136e702e09,97.74143,0,87,PASS
056,neighbor_evaluation,decryptedData;controlFlags;dataLength;i;crc;firstIndex;secondIndex;firstValue;secondValue;stateIndex;crcIndex;inputCursor;state;outputCursor;result,dfaa1e2803bd399ba3d410b999cedae2639fc5959a9ad69dcf86805ec7443e19,8dcc1e9c2c25201b4cc4e70f04951c5526b171da95c30cd462a094136e702e09,97.74143,0,87,PASS
057,neighbor_evaluation,decryptedData;controlFlags;dataLength;i;inputCursor;firstIndex;secondIndex;firstValue;secondValue;stateIndex;crc;crcIndex;state;outputCursor;result,d32f3d3d495b9b77e1d4a97d65435dfea85b984de6997a7d989f0dba9780efda,8dcc1e9c2c25201b4cc4e70f04951c5526b171da95c30cd462a094136e702e09,97.74143,0,87,PASS
058,neighbor_evaluation,decryptedData;controlFlags;dataLength;i;state;firstIndex;secondIndex;firstValue;secondValue;stateIndex;crc;inputCursor;crcIndex;outputCursor;result,fa232d8464fe92558fccbf0c5b6bb652b1356a9428c3849c293de63127d7f105,dfd1d67850d1a29039c7d60ad6673ff04cbe0d18eb2128f75be6ab5f96255667,97.850464,0,93,PASS
059,neighbor_evaluation,decryptedData;controlFlags;dataLength;i;outputCursor;firstIndex;secondIndex;firstValue;secondValue;stateIndex;crc;inputCursor;state;crcIndex;result,ab49b901db85846560cc60aa2b33dc2e11d375c27d3af2b720553d9d485b9f2d,c3d0eece71331fb9838998c684bc7963e5b63fb6eb7fbef9ce3c6ca7d5d20644,97.35203,0,102,PASS
060,neighbor_evaluation,decryptedData;controlFlags;dataLength;i;result;firstIndex;secondIndex;firstValue;secondValue;stateIndex;crc;inputCursor;state;outputCursor;crcIndex,1a38e9640df6dd883a0b1528c98bd8f7afa2a4acc406533fffa1d708d7ba8ec3,8dcc1e9c2c25201b4cc4e70f04951c5526b171da95c30cd462a094136e702e09,97.74143,0,87,PASS
061,neighbor_evaluation,decryptedData;controlFlags;dataLength;i;crcIndex;secondIndex;firstIndex;firstValue;secondValue;stateIndex;crc;inputCursor;state;outputCursor;result,3435dd06302c38c6c4c9fa3d53fa9bcf04c928991f0a26c5ab24623c1aef2f81,8dcc1e9c2c25201b4cc4e70f04951c5526b171da95c30cd462a094136e702e09,97.74143,0,87,PASS
062,neighbor_evaluation,decryptedData;controlFlags;dataLength;i;crcIndex;firstValue;secondIndex;firstIndex;secondValue;stateIndex;crc;inputCursor;state;outputCursor;result,77d8858c8b64535d221ce7d33cfeae7f26cdc09ee4586357d89ba4da738c67b1,b5db6ee4f1a9ca5ffb476bd3e00e266108c408f6b35732bf7458cd193de9a9ac,97.55452,0,90,PASS
063,neighbor_evaluation,decryptedData;controlFlags;dataLength;i;crcIndex;secondValue;secondIndex;firstValue;firstIndex;stateIndex;crc;inputCursor;state;outputCursor;result,02ef2ada13a67e6efa4bdf5ee373a735d755d6a11954986b3d4046d0dbd8d254,9dbfefa84c20a3c9ab86bc16d69b3aa78ac4f3908cd1251ea06252bf7186cc30,97.6947,0,90,PASS
064,neighbor_evaluation,decryptedData;controlFlags;dataLength;i;crcIndex;stateIndex;secondIndex;firstValue;secondValue;firstIndex;crc;inputCursor;state;outputCursor;result,3dfd3337f076294e19f4ba3af971570e5469e81039794ebc75693146a68888eb,b5db6ee4f1a9ca5ffb476bd3e00e266108c408f6b35732bf7458cd193de9a9ac,97.55452,0,90,PASS
065,neighbor_evaluation,decryptedData;controlFlags;dataLength;i;crcIndex;crc;secondIndex;firstValue;secondValue;stateIndex;firstIndex;inputCursor;state;outputCursor;result,eca4656eee951a5aeb01cfce5406faeb5cad91f1d384eb1502f199bd0c359ee9,b5db6ee4f1a9ca5ffb476bd3e00e266108c408f6b35732bf7458cd193de9a9ac,97.55452,0,90,PASS
066,neighbor_evaluation,decryptedData;controlFlags;dataLength;i;crcIndex;inputCursor;secondIndex;firstValue;secondValue;stateIndex;crc;firstIndex;state;outputCursor;result,e994023c99882a16c35bb79d93a0593a2c58fc8fc6eafd428fa1477d1957c411,b5db6ee4f1a9ca5ffb476bd3e00e266108c408f6b35732bf7458cd193de9a9ac,97.55452,0,90,PASS
067,neighbor_evaluation,decryptedData;controlFlags;dataLength;i;crcIndex;state;secondIndex;firstValue;secondValue;stateIndex;crc;inputCursor;firstIndex;outputCursor;result,075fe407c85db568c6458f10337920b281fc29868887830016fd7ef20b3f963e,8a55aba5330fae20c4240be0dca0d31ec8fb667edd92051cc40082d4473494f9,97.66355,0,96,PASS
068,neighbor_evaluation,decryptedData;controlFlags;dataLength;i;crcIndex;outputCursor;secondIndex;firstValue;secondValue;stateIndex;crc;inputCursor;state;firstIndex;result,db5f7f382eeed73d11a5bb59dacecf31a17464c75c159846125213853c774949,34e8f037e80705d9217584ae290c863380c3ed23e4cc92e99433050945b9db8e,97.25857,0,102,PASS
069,neighbor_evaluation,decryptedData;controlFlags;dataLength;i;crcIndex;result;secondIndex;firstValue;secondValue;stateIndex;crc;inputCursor;state;outputCursor;firstIndex,926cd5ae5b24c1037694c04a3cb0623ae557a256679f5e11d7e9e9613f1a99ce,b0ce1f50ff50b105be5d5dcddcf060f57bea98820f6720237a02754811613cb0,97.38318,0,99,PASS
070,neighbor_evaluation,decryptedData;controlFlags;dataLength;i;crcIndex;firstIndex;firstValue;secondIndex;secondValue;stateIndex;crc;inputCursor;state;outputCursor;result,545dec997e2e5c7c3f04cddfb226feaf14871212a42183ff90b288f30b49b8e0,8dcc1e9c2c25201b4cc4e70f04951c5526b171da95c30cd462a094136e702e09,97.74143,0,87,PASS
071,neighbor_evaluation,decryptedData;controlFlags;dataLength;i;crcIndex;firstIndex;secondValue;firstValue;secondIndex;stateIndex;crc;inputCursor;state;outputCursor;result,10ac6e7594a3f3ed05a195d68e6e0605abea7c1b9791cc2efae5809add89b0ca,243e1cae7fc57681cee68ea32b602aa57c2c97a5454e8afb517ad11c2885d0d0,97.88162,0,87,PASS
072,neighbor_evaluation,decryptedData;controlFlags;dataLength;i;crcIndex;firstIndex;stateIndex;firstValue;secondValue;secondIndex;crc;inputCursor;state;outputCursor;result,7c5dbb3bff721ff5a86e7b15fd6c1de6550c93a5490311597818c0d9e7c9377d,243e1cae7fc57681cee68ea32b602aa57c2c97a5454e8afb517ad11c2885d0d0,97.88162,0,87,PASS
073,neighbor_evaluation,decryptedData;controlFlags;dataLength;i;crcIndex;firstIndex;crc;firstValue;secondValue;stateIndex;secondIndex;inputCursor;state;outputCursor;result,939f7df59b5bd617588ea87756cb1e7e1ed0a118b4f1c30fe73d7645cf167d22,243e1cae7fc57681cee68ea32b602aa57c2c97a5454e8afb517ad11c2885d0d0,97.88162,0,87,PASS
074,neighbor_evaluation,decryptedData;controlFlags;dataLength;i;crcIndex;firstIndex;inputCursor;firstValue;secondValue;stateIndex;crc;secondIndex;state;outputCursor;result,525ec6a9cb4bd64bde1ec05f3c20e2b6d4e72687a6c227ed3866430216043fc6,243e1cae7fc57681cee68ea32b602aa57c2c97a5454e8afb517ad11c2885d0d0,97.88162,0,87,PASS
075,neighbor_evaluation,decryptedData;controlFlags;dataLength;i;crcIndex;firstIndex;state;firstValue;secondValue;stateIndex;crc;inputCursor;secondIndex;outputCursor;result,bcf03832727fd0fd3d8372b27ef6c0174b68db56735f0bb88c43261050eb23d4,46711b4995ef7ea8250ae1ffe0cf9b9fdf30329f79d6ca2a0a507db357500c50,97.52336,0,99,PASS
076,neighbor_evaluation,decryptedData;controlFlags;dataLength;i;crcIndex;firstIndex;outputCursor;firstValue;secondValue;stateIndex;crc;inputCursor;state;secondIndex;result,8fc129cbc6057fffda52320cdbdd818a7f7a6e95de4e02430fac3704e18ce4cc,48e81fc2d04617885af36d62282efb79e42b539b710f6c23d74fa8294c375927,97.39875,0,102,PASS
077,neighbor_evaluation,decryptedData;controlFlags;dataLength;i;crcIndex;firstIndex;result;firstValue;secondValue;stateIndex;crc;inputCursor;state;outputCursor;secondIndex,3dd88ebb46b500ea05c85a476006b2c686bb643941ae627e55c80c29be8ab0fc,43a330c5bc669cf5785f6a565954e1f4b7214e5293930464555ca9182ff7b52f,97.52336,0,99,PASS
078,neighbor_evaluation,decryptedData;controlFlags;dataLength;i;crcIndex;firstIndex;secondIndex;secondValue;firstValue;stateIndex;crc;inputCursor;state;outputCursor;result,3feaccd957fdb2cb72b25426d25daa14400ce1888b13ad6043635f681e1126e8,8dcc1e9c2c25201b4cc4e70f04951c5526b171da95c30cd462a094136e702e09,97.74143,0,87,PASS
079,neighbor_evaluation,decryptedData;controlFlags;dataLength;i;crcIndex;firstIndex;secondIndex;stateIndex;secondValue;firstValue;crc;inputCursor;state;outputCursor;result,0e49a622a231bb91231ea00da5bb8936b116bde72e4de07eddf80f262dac13c0,8dcc1e9c2c25201b4cc4e70f04951c5526b171da95c30cd462a094136e702e09,97.74143,0,87,PASS
080,neighbor_evaluation,decryptedData;controlFlags;dataLength;i;crcIndex;firstIndex;secondIndex;crc;secondValue;stateIndex;firstValue;inputCursor;state;outputCursor;result,f547a72b8e7809b6bd2bbf93206e1ae96d39855a81dc9d632f416294b8f5e560,8dcc1e9c2c25201b4cc4e70f04951c5526b171da95c30cd462a094136e702e09,97.74143,0,87,PASS
081,neighbor_evaluation,decryptedData;controlFlags;dataLength;i;crcIndex;firstIndex;secondIndex;inputCursor;secondValue;stateIndex;crc;firstValue;state;outputCursor;result,e462b1757f010565ff01e7fab8fe5cfb59fccd3de03f3657a62bd7077d2fb000,8dcc1e9c2c25201b4cc4e70f04951c5526b171da95c30cd462a094136e702e09,97.74143,0,87,PASS
082,neighbor_evaluation,decryptedData;controlFlags;dataLength;i;crcIndex;firstIndex;secondIndex;state;secondValue;stateIndex;crc;inputCursor;firstValue;outputCursor;result,9d22cfc69ca8f323e0924b797e0cfbe6976f9ddc48d51c7422bd10dafaa9efc5,129ab39726f8470900ddad876f0ceb3e0ef26f7a018b728c6a4995198f0b8aad,97.38318,0,99,PASS
083,neighbor_evaluation,decryptedData;controlFlags;dataLength;i;crcIndex;firstIndex;secondIndex;outputCursor;secondValue;stateIndex;crc;inputCursor;state;firstValue;result,c9389396badfb8538806a36c163d5f92451070b147374725963d97ea9c613a01,daaad75347097ddc758342014179d97d4b222a0b4aa15789d8451ac51d970df3,97.25857,0,102,PASS
084,neighbor_evaluation,decryptedData;controlFlags;dataLength;i;crcIndex;firstIndex;secondIndex;result;secondValue;stateIndex;crc;inputCursor;state;outputCursor;firstValue,7999ba494fbe9e00b1b943b7e940ea296df7b4eb74bff334fb64cf288f74dfcc,129ab39726f8470900ddad876f0ceb3e0ef26f7a018b728c6a4995198f0b8aad,97.38318,0,99,PASS
085,neighbor_evaluation,decryptedData;controlFlags;dataLength;i;crcIndex;firstIndex;secondIndex;firstValue;stateIndex;secondValue;crc;inputCursor;state;outputCursor;result,36e8617149cd9cf73607a469a0411b36527bb4d6fcd99df6b031bccf05e14952,8dcc1e9c2c25201b4cc4e70f04951c5526b171da95c30cd462a094136e702e09,97.74143,0,87,PASS
086,neighbor_evaluation,decryptedData;controlFlags;dataLength;i;crcIndex;firstIndex;secondIndex;firstValue;crc;stateIndex;secondValue;inputCursor;state;outputCursor;result,b6ef16ea45f39a6c59fdc623912479509525a5be9d5dfc6f32c59e2a761644f6,8dcc1e9c2c25201b4cc4e70f04951c5526b171da95c30cd462a094136e702e09,97.74143,0,87,PASS
087,neighbor_evaluation,decryptedData;controlFlags;dataLength;i;crcIndex;firstIndex;secondIndex;firstValue;inputCursor;stateIndex;crc;secondValue;state;outputCursor;result,782088af731e6b757fdbf6903bce46fcd12cb299843175ac2bf111fb73dbfcc7,8dcc1e9c2c25201b4cc4e70f04951c5526b171da95c30cd462a094136e702e09,97.74143,0,87,PASS
088,neighbor_evaluation,decryptedData;controlFlags;dataLength;i;crcIndex;firstIndex;secondIndex;firstValue;state;stateIndex;crc;inputCursor;secondValue;outputCursor;result,718deca4435fdb43076a0bd3671c9f8ae811c33c3c330e3931c9b28def80d68b,fcc905302c7248d4657b3d1f11f336bed804f7451cbb410dea9da51459053510,97.38318,0,99,PASS
089,neighbor_evaluation,decryptedData;controlFlags;dataLength;i;crcIndex;firstIndex;secondIndex;firstValue;outputCursor;stateIndex;crc;inputCursor;state;secondValue;result,0ce295f10671706d1104c6fc19bfebf9b5a28f68ae2bfc5b283b152eef073b7b,484b432e3698e2d706c2a9136080516ffd5ff49012f8e406a0e6ee9498439138,97.25857,0,102,PASS
090,neighbor_evaluation,decryptedData;controlFlags;dataLength;i;crcIndex;firstIndex;secondIndex;firstValue;result;stateIndex;crc;inputCursor;state;outputCursor;secondValue,19aa0724e5ff05ed864e77c97a40a42c79eaaf4ec78f16224d8cfec23a812007,fcc905302c7248d4657b3d1f11f336bed804f7451cbb410dea9da51459053510,97.38318,0,99,PASS
091,neighbor_evaluation,decryptedData;controlFlags;dataLength;i;crcIndex;firstIndex;secondIndex;firstValue;secondValue;crc;stateIndex;inputCursor;state;outputCursor;result,3a2c26deb323d25ccb9631ecb0c7b6fd8aa738652f5bfd240b6589839ba3e008,8dcc1e9c2c25201b4cc4e70f04951c5526b171da95c30cd462a094136e702e09,97.74143,0,87,PASS
092,neighbor_evaluation,decryptedData;controlFlags;dataLength;i;crcIndex;firstIndex;secondIndex;firstValue;secondValue;inputCursor;crc;stateIndex;state;outputCursor;result,29f0be9bf2873eef9082981147aade19cc1835f6ddd50cd543dea258d195a9b0,8dcc1e9c2c25201b4cc4e70f04951c5526b171da95c30cd462a094136e702e09,97.74143,0,87,PASS
093,neighbor_evaluation,decryptedData;controlFlags;dataLength;i;crcIndex;firstIndex;secondIndex;firstValue;secondValue;state;crc;inputCursor;stateIndex;outputCursor;result,9af272ac8e445c07753878248581ab6896eba69f642c0ed94feecde3a6c52764,f12ea45b2cb514f94502d8a9c4230f11882c76dcbb75d90e0ac291e80697ad30,97.47664,0,96,PASS
094,neighbor_evaluation,decryptedData;controlFlags;dataLength;i;crcIndex;firstIndex;secondIndex;firstValue;secondValue;outputCursor;crc;inputCursor;state;stateIndex;result,dc2771a85d86c0d265666193f155f72eea79669d65ce2048f3ef5083e4c51f9a,c3d0eece71331fb9838998c684bc7963e5b63fb6eb7fbef9ce3c6ca7d5d20644,97.35203,0,102,PASS
095,neighbor_evaluation,decryptedData;controlFlags;dataLength;i;crcIndex;firstIndex;secondIndex;firstValue;secondValue;result;crc;inputCursor;state;outputCursor;stateIndex,20cfa2be2d927092a5a376521a299f052e12eae735f5a2087da84e7e0a8e7379,8dcc1e9c2c25201b4cc4e70f04951c5526b171da95c30cd462a094136e702e09,97.74143,0,87,PASS
096,neighbor_evaluation,decryptedData;controlFlags;dataLength;i;crcIndex;firstIndex;secondIndex;firstValue;secondValue;stateIndex;inputCursor;crc;state;outputCursor;result,8d706d22c1833f8d195118441a9fe62be0d941c082fcb7a463ea23979ecd8d4c,8dcc1e9c2c25201b4cc4e70f04951c5526b171da95c30cd462a094136e702e09,97.74143,0,87,PASS
097,neighbor_evaluation,decryptedData;controlFlags;dataLength;i;crcIndex;firstIndex;secondIndex;firstValue;secondValue;stateIndex;state;inputCursor;crc;outputCursor;result,5a34e76072d8f1757cfcda6223de28535fc9a7faf187c8d70f224aedc91f424e,f12ea45b2cb514f94502d8a9c4230f11882c76dcbb75d90e0ac291e80697ad30,97.47664,0,96,PASS
098,neighbor_evaluation,decryptedData;controlFlags;dataLength;i;crcIndex;firstIndex;secondIndex;firstValue;secondValue;stateIndex;outputCursor;inputCursor;state;crc;result,1667a36b982c31a18ee8474ef2f07c50c20838c21632face055ddeda496beda4,c3d0eece71331fb9838998c684bc7963e5b63fb6eb7fbef9ce3c6ca7d5d20644,97.35203,0,102,PASS
099,neighbor_evaluation,decryptedData;controlFlags;dataLength;i;crcIndex;firstIndex;secondIndex;firstValue;secondValue;stateIndex;result;inputCursor;state;outputCursor;crc,3ddc24bf83a2868df7c17483d82d679653086ace7a961fd8d8d8959ac9fa5322,8dcc1e9c2c25201b4cc4e70f04951c5526b171da95c30cd462a094136e702e09,97.74143,0,87,PASS
100,neighbor_evaluation,decryptedData;controlFlags;dataLength;i;crcIndex;firstIndex;secondIndex;firstValue;secondValue;stateIndex;crc;state;inputCursor;outputCursor;result,998774f243b2846d4df82548e36805b6a11b4b42814f2f13ed5b5e290fc5614a,f12ea45b2cb514f94502d8a9c4230f11882c76dcbb75d90e0ac291e80697ad30,97.47664,0,96,PASS
101,neighbor_evaluation,decryptedData;controlFlags;dataLength;i;crcIndex;firstIndex;secondIndex;firstValue;secondValue;stateIndex;crc;outputCursor;state;inputCursor;result,bf2a6e2ee27dd0fcc2cc5b3ce0811275fb6391674be4925b650d9f37f90f52a3,e672227d226240623ecc01688f1ccb1b15663a29bedcc59a3f2a95c5a6995694,97.49221,0,96,PASS
102,neighbor_evaluation,decryptedData;controlFlags;dataLength;i;crcIndex;firstIndex;secondIndex;firstValue;secondValue;stateIndex;crc;result;state;outputCursor;inputCursor,b21a8535d58ea5d2bcc0658c542307c1bec418d71a09422a6c9cf189089123b5,860b0d2fb48899eaef9d4754b3a6c3ffe56ea14ee7e76c1407aec3914556f0b4,97.35203,0,102,PASS
103,neighbor_evaluation,decryptedData;controlFlags;dataLength;i;crcIndex;firstIndex;secondIndex;firstValue;secondValue;stateIndex;crc;inputCursor;outputCursor;state;result,2dc0f24565e406e7a0c98e344f26108f7a0a757855ff3052e4a5c9414f7d125e,0535a63eb8c8d27a21c5e9629babd82e6b732ddf85fa9eef08f154604468eef5,97.47664,0,99,PASS
104,neighbor_evaluation,decryptedData;controlFlags;dataLength;i;crcIndex;firstIndex;secondIndex;firstValue;secondValue;stateIndex;crc;inputCursor;result;outputCursor;state,1e9433b84b968f1240e33fa0668adc5cf5289f0938e858a3e3fd82b2cb03d8a1,0535a63eb8c8d27a21c5e9629babd82e6b732ddf85fa9eef08f154604468eef5,97.47664,0,99,PASS
105,neighbor_evaluation,decryptedData;controlFlags;dataLength;i;crcIndex;firstIndex;secondIndex;firstValue;secondValue;stateIndex;crc;inputCursor;state;result;outputCursor,61c71eb6cbb204edb4e20aadcc254596ce72d386b84c4d61e6a941ad5e25ed42,8dcc1e9c2c25201b4cc4e70f04951c5526b171da95c30cd462a094136e702e09,97.74143,0,87,PASS
106,neighbor_evaluation,controlFlags;dataLength;decryptedData;i;crcIndex;firstIndex;secondIndex;firstValue;secondValue;stateIndex;crc;inputCursor;state;outputCursor;result,5d82b8663050fa80ff15986b0f228f160a1f85547ab6754a96f36b73bd17848c,6e6272af3b8a7e6faa9a778e84481375d4f8f7c5baf28058e462f6b453e706c2,97.3676,0,111,PASS
107,neighbor_evaluation,controlFlags;dataLength;i;decryptedData;crcIndex;firstIndex;secondIndex;firstValue;secondValue;stateIndex;crc;inputCursor;state;outputCursor;result,a4e2ad874ed7506b55dd20e25e48117b30638bc04dd033634de5417d650271a1,6e6272af3b8a7e6faa9a778e84481375d4f8f7c5baf28058e462f6b453e706c2,97.3676,0,111,PASS
108,neighbor_evaluation,controlFlags;dataLength;i;crcIndex;decryptedData;firstIndex;secondIndex;firstValue;secondValue;stateIndex;crc;inputCursor;state;outputCursor;result,97f539dc0bdd7ecc76724863a640fed709665cb8615102c773ca52cefe410cd9,6e6272af3b8a7e6faa9a778e84481375d4f8f7c5baf28058e462f6b453e706c2,97.3676,0,111,PASS
109,neighbor_evaluation,controlFlags;dataLength;i;crcIndex;firstIndex;decryptedData;secondIndex;firstValue;secondValue;stateIndex;crc;inputCursor;state;outputCursor;result,c76d775ea6e9a22058086fec3202e588d3a8319467fd1cc7773735ae95fc8c5f,6e6272af3b8a7e6faa9a778e84481375d4f8f7c5baf28058e462f6b453e706c2,97.3676,0,111,PASS
110,neighbor_evaluation,controlFlags;dataLength;i;crcIndex;firstIndex;secondIndex;decryptedData;firstValue;secondValue;stateIndex;crc;inputCursor;state;outputCursor;result,1a6e4f501ec923258582f613ca027e750504db3f6d9e5168ccbd38e70330d42f,6e6272af3b8a7e6faa9a778e84481375d4f8f7c5baf28058e462f6b453e706c2,97.3676,0,111,PASS
111,neighbor_evaluation,controlFlags;dataLength;i;crcIndex;firstIndex;secondIndex;firstValue;decryptedData;secondValue;stateIndex;crc;inputCursor;state;outputCursor;result,5413e13990d304d46937bea506c90ea1a8eb7ec83d868cbae302156f240c4dfa,6e6272af3b8a7e6faa9a778e84481375d4f8f7c5baf28058e462f6b453e706c2,97.3676,0,111,PASS
112,neighbor_evaluation,controlFlags;dataLength;i;crcIndex;firstIndex;secondIndex;firstValue;secondValue;decryptedData;stateIndex;crc;inputCursor;state;outputCursor;result,10701e936a7646abc630d8d65935819219fcfb3c36aea55ebaee3a615bdf2938,6e6272af3b8a7e6faa9a778e84481375d4f8f7c5baf28058e462f6b453e706c2,97.3676,0,111,PASS
113,neighbor_evaluation,controlFlags;dataLength;i;crcIndex;firstIndex;secondIndex;firstValue;secondValue;stateIndex;decryptedData;crc;inputCursor;state;outputCursor;result,cda583486b9cd95c8fc4f7af8839cc29dd190d936d2e6e0ac1b6cfe1ba0a56b7,6e6272af3b8a7e6faa9a778e84481375d4f8f7c5baf28058e462f6b453e706c2,97.3676,0,111,PASS
114,neighbor_evaluation,controlFlags;dataLength;i;crcIndex;firstIndex;secondIndex;firstValue;secondValue;stateIndex;crc;decryptedData;inputCursor;state;outputCursor;result,32f414c7aed00008f621fecf673ff869af84759b2fe0fbed470e34e146caf93c,6e6272af3b8a7e6faa9a778e84481375d4f8f7c5baf28058e462f6b453e706c2,97.3676,0,111,PASS
115,neighbor_evaluation,controlFlags;dataLength;i;crcIndex;firstIndex;secondIndex;firstValue;secondValue;stateIndex;crc;inputCursor;decryptedData;state;outputCursor;result,ef5d066094113841367bee0a9675777b0bea7a1f2dccbf0e801484df9d9289f5,6e6272af3b8a7e6faa9a778e84481375d4f8f7c5baf28058e462f6b453e706c2,97.3676,0,111,PASS
116,neighbor_evaluation,controlFlags;dataLength;i;crcIndex;firstIndex;secondIndex;firstValue;secondValue;stateIndex;crc;inputCursor;state;decryptedData;outputCursor;result,f79a18f6eb10d0e3f7e8be261413baa88415c27a0b40800aa5ec90acdc7b6306,6e6272af3b8a7e6faa9a778e84481375d4f8f7c5baf28058e462f6b453e706c2,97.3676,0,111,PASS
117,neighbor_evaluation,controlFlags;dataLength;i;crcIndex;firstIndex;secondIndex;firstValue;secondValue;stateIndex;crc;inputCursor;state;outputCursor;decryptedData;result,4f1ed44c185fac54f7ce6ed8a599bb0906c3d122d4c54526222a9575d8ca259d,6e6272af3b8a7e6faa9a778e84481375d4f8f7c5baf28058e462f6b453e706c2,97.3676,0,111,PASS
118,neighbor_evaluation,controlFlags;dataLength;i;crcIndex;firstIndex;secondIndex;firstValue;secondValue;stateIndex;crc;inputCursor;state;outputCursor;result;decryptedData,ad16173e279455146a8c1f3d969d4349fc2329880c769716ea63eac3e017dac9,6e6272af3b8a7e6faa9a778e84481375d4f8f7c5baf28058e462f6b453e706c2,97.3676,0,111,PASS
119,neighbor_evaluation,decryptedData;dataLength;i;controlFlags;crcIndex;firstIndex;secondIndex;firstValue;secondValue;stateIndex;crc;inputCursor;state;outputCursor;result,db253e35073ff1accf08f5fd057476ac4fe0d4b4a81dccf3e9b8f4ed5209463a,8dcc1e9c2c25201b4cc4e70f04951c5526b171da95c30cd462a094136e702e09,97.74143,0,87,PASS
120,neighbor_evaluation,decryptedData;dataLength;i;crcIndex;controlFlags;firstIndex;secondIndex;firstValue;secondValue;stateIndex;crc;inputCursor;state;outputCursor;result,7e67e7377f1a1205590c1d8866c158d5cbd1c002e5ac302312c333b3e6881866,8dcc1e9c2c25201b4cc4e70f04951c5526b171da95c30cd462a094136e702e09,97.74143,0,87,PASS
121,neighbor_evaluation,decryptedData;dataLength;i;crcIndex;firstIndex;controlFlags;secondIndex;firstValue;secondValue;stateIndex;crc;inputCursor;state;outputCursor;result,15ec2b7f90b826f9c6d9575b06ab8aba4ada500043bf9b3aff0cf69095ad5edc,8dcc1e9c2c25201b4cc4e70f04951c5526b171da95c30cd462a094136e702e09,97.74143,0,87,PASS
122,neighbor_evaluation,decryptedData;dataLength;i;crcIndex;firstIndex;secondIndex;controlFlags;firstValue;secondValue;stateIndex;crc;inputCursor;state;outputCursor;result,0130ce73973072a4b73d470379f7ac44e9e7d81a9ae7ac6d0ea6c1b744c42828,8dcc1e9c2c25201b4cc4e70f04951c5526b171da95c30cd462a094136e702e09,97.74143,0,87,PASS
123,neighbor_evaluation,decryptedData;dataLength;i;crcIndex;firstIndex;secondIndex;firstValue;controlFlags;secondValue;stateIndex;crc;inputCursor;state;outputCursor;result,536a7b1b11eb02587c5f3ee49f121a0bb1d2de24cc261778e9c89eb14e967c9d,8dcc1e9c2c25201b4cc4e70f04951c5526b171da95c30cd462a094136e702e09,97.74143,0,87,PASS
124,neighbor_evaluation,decryptedData;dataLength;i;crcIndex;firstIndex;secondIndex;firstValue;secondValue;controlFlags;stateIndex;crc;inputCursor;state;outputCursor;result,db824439667e6778073162bb4c1a74f412801296950fcfe892fa9de216c91537,8dcc1e9c2c25201b4cc4e70f04951c5526b171da95c30cd462a094136e702e09,97.74143,0,87,PASS
125,neighbor_evaluation,decryptedData;dataLength;i;crcIndex;firstIndex;secondIndex;firstValue;secondValue;stateIndex;controlFlags;crc;inputCursor;state;outputCursor;result,f55fdb5dc25a85bcacbc8a72fa0ebe1989e60d7d978bd381dd86741c0a083bc6,8dcc1e9c2c25201b4cc4e70f04951c5526b171da95c30cd462a094136e702e09,97.74143,0,87,PASS
126,neighbor_evaluation,decryptedData;dataLength;i;crcIndex;firstIndex;secondIndex;firstValue;secondValue;stateIndex;crc;controlFlags;inputCursor;state;outputCursor;result,3ee4ddfddebaef3880f48daf2a56fc5ecaaab745df0bfb12391e8cf78e0f2f4a,8dcc1e9c2c25201b4cc4e70f04951c5526b171da95c30cd462a094136e702e09,97.74143,0,87,PASS
127,neighbor_evaluation,decryptedData;dataLength;i;crcIndex;firstIndex;secondIndex;firstValue;secondValue;stateIndex;crc;inputCursor;controlFlags;state;outputCursor;result,79966f03e8c16d4ebb789c18c47ae39bde402c1a5eedc5fb2aca632f48c62bf0,8dcc1e9c2c25201b4cc4e70f04951c5526b171da95c30cd462a094136e702e09,97.74143,0,87,PASS
128,neighbor_evaluation,decryptedData;dataLength;i;crcIndex;firstIndex;secondIndex;firstValue;secondValue;stateIndex;crc;inputCursor;state;controlFlags;outputCursor;result,df6e1f2d784d14810395451a4ea2831cdab6bba16e0d1888707f4691d125166d,8dcc1e9c2c25201b4cc4e70f04951c5526b171da95c30cd462a094136e702e09,97.74143,0,87,PASS
129,neighbor_evaluation,decryptedData;dataLength;i;crcIndex;firstIndex;secondIndex;firstValue;secondValue;stateIndex;crc;inputCursor;state;outputCursor;controlFlags;result,0af00c7fffa6393daacaab79ea4efc891406e781ac1c4f59fc3087afd26a8923,8dcc1e9c2c25201b4cc4e70f04951c5526b171da95c30cd462a094136e702e09,97.74143,0,87,PASS
130,neighbor_evaluation,decryptedData;dataLength;i;crcIndex;firstIndex;secondIndex;firstValue;secondValue;stateIndex;crc;inputCursor;state;outputCursor;result;controlFlags,3d5f5fe0dd8f84ac9672577d35b11c271d4feb58d26e96062c8d719320603fd8,8dcc1e9c2c25201b4cc4e70f04951c5526b171da95c30cd462a094136e702e09,97.74143,0,87,PASS
131,neighbor_evaluation,dataLength;decryptedData;controlFlags;i;crcIndex;firstIndex;secondIndex;firstValue;secondValue;stateIndex;crc;inputCursor;state;outputCursor;result,99b7b33a4e2f8b5ce731f1fe91cef5b3884149f571c6ad7e480821b099fb6215,6e6272af3b8a7e6faa9a778e84481375d4f8f7c5baf28058e462f6b453e706c2,97.3676,0,111,PASS
132,neighbor_evaluation,decryptedData;controlFlags;i;crcIndex;dataLength;firstIndex;secondIndex;firstValue;secondValue;stateIndex;crc;inputCursor;state;outputCursor;result,56e3052397aac1da94f00261644d640c7a46829ef85b3b00122dcf3f7e3fb928,8dcc1e9c2c25201b4cc4e70f04951c5526b171da95c30cd462a094136e702e09,97.74143,0,87,PASS
133,neighbor_evaluation,decryptedData;controlFlags;i;crcIndex;firstIndex;dataLength;secondIndex;firstValue;secondValue;stateIndex;crc;inputCursor;state;outputCursor;result,091eecec7ed8be89251f8e84f396096ced82a9473405d81442c1a192d4fd4f30,8dcc1e9c2c25201b4cc4e70f04951c5526b171da95c30cd462a094136e702e09,97.74143,0,87,PASS
134,neighbor_evaluation,decryptedData;controlFlags;i;crcIndex;firstIndex;secondIndex;dataLength;firstValue;secondValue;stateIndex;crc;inputCursor;state;outputCursor;result,b9e161b2dd91820efda2ba086d2ba522d680a92558f535f6c7c69b485e251266,8dcc1e9c2c25201b4cc4e70f04951c5526b171da95c30cd462a094136e702e09,97.74143,0,87,PASS
135,neighbor_evaluation,decryptedData;controlFlags;i;crcIndex;firstIndex;secondIndex;firstValue;dataLength;secondValue;stateIndex;crc;inputCursor;state;outputCursor;result,ecfae0d4407d5ba634d93ed3aff45d1c295c9532f9317fafebecb503aec4ab7b,8dcc1e9c2c25201b4cc4e70f04951c5526b171da95c30cd462a094136e702e09,97.74143,0,87,PASS
136,neighbor_evaluation,decryptedData;controlFlags;i;crcIndex;firstIndex;secondIndex;firstValue;secondValue;dataLength;stateIndex;crc;inputCursor;state;outputCursor;result,bd45d3d9012ebf890261d78c7f8b483ccd6fd6553f082326a2479c1da0b67919,8dcc1e9c2c25201b4cc4e70f04951c5526b171da95c30cd462a094136e702e09,97.74143,0,87,PASS
137,neighbor_evaluation,decryptedData;controlFlags;i;crcIndex;firstIndex;secondIndex;firstValue;secondValue;stateIndex;dataLength;crc;inputCursor;state;outputCursor;result,1d1ebf81e7c6567a66752d9eb3b66b565d5b7c85bf4b7eabae33a2b1cb38f739,8dcc1e9c2c25201b4cc4e70f04951c5526b171da95c30cd462a094136e702e09,97.74143,0,87,PASS
138,neighbor_evaluation,decryptedData;controlFlags;i;crcIndex;firstIndex;secondIndex;firstValue;secondValue;stateIndex;crc;dataLength;inputCursor;state;outputCursor;result,3eef322f4ecee12f93c92de963666d685e1aa162c08182d3929de9da568e4a01,8dcc1e9c2c25201b4cc4e70f04951c5526b171da95c30cd462a094136e702e09,97.74143,0,87,PASS
139,neighbor_evaluation,decryptedData;controlFlags;i;crcIndex;firstIndex;secondIndex;firstValue;secondValue;stateIndex;crc;inputCursor;dataLength;state;outputCursor;result,d6284b4aa47eb6e08aa78296fbb730f75aebe909463df5ce9701f96866b206c8,8dcc1e9c2c25201b4cc4e70f04951c5526b171da95c30cd462a094136e702e09,97.74143,0,87,PASS
140,neighbor_evaluation,decryptedData;controlFlags;i;crcIndex;firstIndex;secondIndex;firstValue;secondValue;stateIndex;crc;inputCursor;state;dataLength;outputCursor;result,d7b0a56b73e8b6cc76164d902bd3693574aa88e65657f69b1a1cbd2a82bbdac0,8dcc1e9c2c25201b4cc4e70f04951c5526b171da95c30cd462a094136e702e09,97.74143,0,87,PASS
141,neighbor_evaluation,decryptedData;controlFlags;i;crcIndex;firstIndex;secondIndex;firstValue;secondValue;stateIndex;crc;inputCursor;state;outputCursor;dataLength;result,abb57e36888b35cc9766d8731b4110884a1f547739f95a0c188349cacd501f51,8dcc1e9c2c25201b4cc4e70f04951c5526b171da95c30cd462a094136e702e09,97.74143,0,87,PASS
142,neighbor_evaluation,decryptedData;controlFlags;i;crcIndex;firstIndex;secondIndex;firstValue;secondValue;stateIndex;crc;inputCursor;state;outputCursor;result;dataLength,920ec26746cb9426daf60f618aac2456152bc376e9de2aeb40907840c4070e68,8dcc1e9c2c25201b4cc4e70f04951c5526b171da95c30cd462a094136e702e09,97.74143,0,87,PASS
143,neighbor_evaluation,i;decryptedData;controlFlags;dataLength;crcIndex;firstIndex;secondIndex;firstValue;secondValue;stateIndex;crc;inputCursor;state;outputCursor;result,4b0ca2735b15befced2f41752e8cb64723fa4dfc99ab489193be7086669f1240,8dcc1e9c2c25201b4cc4e70f04951c5526b171da95c30cd462a094136e702e09,97.74143,0,87,PASS
144,neighbor_evaluation,decryptedData;i;controlFlags;dataLength;crcIndex;firstIndex;secondIndex;firstValue;secondValue;stateIndex;crc;inputCursor;state;outputCursor;result,dddde9ecc0e76b2fbe656ba4f2bcf812cb10f912b1c202703e4001c2c2528ec1,8dcc1e9c2c25201b4cc4e70f04951c5526b171da95c30cd462a094136e702e09,97.74143,0,87,PASS
145,neighbor_evaluation,decryptedData;controlFlags;dataLength;crcIndex;firstIndex;i;secondIndex;firstValue;secondValue;stateIndex;crc;inputCursor;state;outputCursor;result,cd98ea18bbde7a5c6738ac344ba99cdfdb5a449ffd131a16e21f4f6fe7a5f48b,8dcc1e9c2c25201b4cc4e70f04951c5526b171da95c30cd462a094136e702e09,97.74143,0,87,PASS
146,neighbor_evaluation,decryptedData;controlFlags;dataLength;crcIndex;firstIndex;secondIndex;i;firstValue;secondValue;stateIndex;crc;inputCursor;state;outputCursor;result,03ef2a1e820288a65da09500dce1827254522913c2b50f3fa8dc48d4539bd118,8dcc1e9c2c25201b4cc4e70f04951c5526b171da95c30cd462a094136e702e09,97.74143,0,87,PASS
147,neighbor_evaluation,decryptedData;controlFlags;dataLength;crcIndex;firstIndex;secondIndex;firstValue;i;secondValue;stateIndex;crc;inputCursor;state;outputCursor;result,b04f3338f87f6b95be081255ca36e6ab33c686ff55b348f55d2432e735143182,8dcc1e9c2c25201b4cc4e70f04951c5526b171da95c30cd462a094136e702e09,97.74143,0,87,PASS
148,neighbor_evaluation,decryptedData;controlFlags;dataLength;crcIndex;firstIndex;secondIndex;firstValue;secondValue;i;stateIndex;crc;inputCursor;state;outputCursor;result,005fc1b174f2ae59c5db5d78c1516e7dc39d60495e9c03dfad17c978e8dba3ac,8dcc1e9c2c25201b4cc4e70f04951c5526b171da95c30cd462a094136e702e09,97.74143,0,87,PASS
149,neighbor_evaluation,decryptedData;controlFlags;dataLength;crcIndex;firstIndex;secondIndex;firstValue;secondValue;stateIndex;i;crc;inputCursor;state;outputCursor;result,c236902f7acb284e27bf53c7d3e6c96750f19050bc191cc17f7515c593f534a3,8dcc1e9c2c25201b4cc4e70f04951c5526b171da95c30cd462a094136e702e09,97.74143,0,87,PASS
150,neighbor_evaluation,decryptedData;controlFlags;dataLength;crcIndex;firstIndex;secondIndex;firstValue;secondValue;stateIndex;crc;i;inputCursor;state;outputCursor;result,3237cef5ce15bcd869fffc0fc39117c420ee38e870c70941895c49fa1f705825,8dcc1e9c2c25201b4cc4e70f04951c5526b171da95c30cd462a094136e702e09,97.74143,0,87,PASS
151,neighbor_evaluation,decryptedData;controlFlags;dataLength;crcIndex;firstIndex;secondIndex;firstValue;secondValue;stateIndex;crc;inputCursor;i;state;outputCursor;result,879d94969dc9a357051a210ecb0dceb44108dd68a47c10bd1459c29f5c5074ef,8dcc1e9c2c25201b4cc4e70f04951c5526b171da95c30cd462a094136e702e09,97.74143,0,87,PASS
152,neighbor_evaluation,decryptedData;controlFlags;dataLength;crcIndex;firstIndex;secondIndex;firstValue;secondValue;stateIndex;crc;inputCursor;state;i;outputCursor;result,62e2ba88b9f68e5b1634d24779d62c097b24e6df079c73acd9420ec3741e6adf,8dcc1e9c2c25201b4cc4e70f04951c5526b171da95c30cd462a094136e702e09,97.74143,0,87,PASS
153,neighbor_evaluation,decryptedData;controlFlags;dataLength;crcIndex;firstIndex;secondIndex;firstValue;secondValue;stateIndex;crc;inputCursor;state;outputCursor;i;result,df8c86f35934981961e83c7ab6b92a241c2e0d102bf8783ac8ca6da66dbb9aff,8dcc1e9c2c25201b4cc4e70f04951c5526b171da95c30cd462a094136e702e09,97.74143,0,87,PASS
154,neighbor_evaluation,decryptedData;controlFlags;dataLength;crcIndex;firstIndex;secondIndex;firstValue;secondValue;stateIndex;crc;inputCursor;state;outputCursor;result;i,1528b4072a224f244ae6511b78e5893a8c99934307aa6db039e8960a9f15d17c,8dcc1e9c2c25201b4cc4e70f04951c5526b171da95c30cd462a094136e702e09,97.74143,0,87,PASS
155,neighbor_evaluation,crcIndex;decryptedData;controlFlags;dataLength;i;firstIndex;secondIndex;firstValue;secondValue;stateIndex;crc;inputCursor;state;outputCursor;result,cdb1571b020527e67242f3e783fbe807ba71d1b53811398e09a10e86685bdacc,8dcc1e9c2c25201b4cc4e70f04951c5526b171da95c30cd462a094136e702e09,97.74143,0,87,PASS
156,neighbor_evaluation,decryptedData;crcIndex;controlFlags;dataLength;i;firstIndex;secondIndex;firstValue;secondValue;stateIndex;crc;inputCursor;state;outputCursor;result,24218f70d545503e7f70416d86d421ed123e9ef24b3bcb7e7515c987e0bde33c,8dcc1e9c2c25201b4cc4e70f04951c5526b171da95c30cd462a094136e702e09,97.74143,0,87,PASS
157,neighbor_evaluation,decryptedData;controlFlags;crcIndex;dataLength;i;firstIndex;secondIndex;firstValue;secondValue;stateIndex;crc;inputCursor;state;outputCursor;result,750a6bbcc9692c44d73398c5e7687f327c926e6b9465c3b8b2be72ed47d6176b,8dcc1e9c2c25201b4cc4e70f04951c5526b171da95c30cd462a094136e702e09,97.74143,0,87,PASS
158,neighbor_evaluation,decryptedData;controlFlags;dataLength;i;firstIndex;secondIndex;crcIndex;firstValue;secondValue;stateIndex;crc;inputCursor;state;outputCursor;result,1fc564a1fc478652e322c4f456ccb1b4cfcd72934c70f361393297b4d1c11268,8dcc1e9c2c25201b4cc4e70f04951c5526b171da95c30cd462a094136e702e09,97.74143,0,87,PASS
159,neighbor_evaluation,decryptedData;controlFlags;dataLength;i;firstIndex;secondIndex;firstValue;crcIndex;secondValue;stateIndex;crc;inputCursor;state;outputCursor;result,fd2ebe3b94d9febcdf6fbf6dac4bea6174af2370b7d655669361d8940d512561,8dcc1e9c2c25201b4cc4e70f04951c5526b171da95c30cd462a094136e702e09,97.74143,0,87,PASS
160,neighbor_evaluation,decryptedData;controlFlags;dataLength;i;firstIndex;secondIndex;firstValue;secondValue;crcIndex;stateIndex;crc;inputCursor;state;outputCursor;result,729bd40a2f38967d1ec95a5b50d08b977fdf693f02c032ad0455d9a8734808cd,8dcc1e9c2c25201b4cc4e70f04951c5526b171da95c30cd462a094136e702e09,97.74143,0,87,PASS
161,neighbor_evaluation,decryptedData;controlFlags;dataLength;i;firstIndex;secondIndex;firstValue;secondValue;stateIndex;crcIndex;crc;inputCursor;state;outputCursor;result,f71ada13da4c1044ef433047ee236db305990a25a3db23fb1d76fc9b0c5c2533,8dcc1e9c2c25201b4cc4e70f04951c5526b171da95c30cd462a094136e702e09,97.74143,0,87,PASS
162,neighbor_evaluation,decryptedData;controlFlags;dataLength;i;firstIndex;secondIndex;firstValue;secondValue;stateIndex;crc;crcIndex;inputCursor;state;outputCursor;result,c928bae5e62d2171b1c70c8d4b19ab6eee8ecab7241cbf22d01441686f11dba3,8dcc1e9c2c25201b4cc4e70f04951c5526b171da95c30cd462a094136e702e09,97.74143,0,87,PASS
163,neighbor_evaluation,decryptedData;controlFlags;dataLength;i;firstIndex;secondIndex;firstValue;secondValue;stateIndex;crc;inputCursor;crcIndex;state;outputCursor;result,19c55cb1dcf53291e7597331adcee21697cc061c991c642835b22940a10ef436,8dcc1e9c2c25201b4cc4e70f04951c5526b171da95c30cd462a094136e702e09,97.74143,0,87,PASS
164,neighbor_evaluation,decryptedData;controlFlags;dataLength;i;firstIndex;secondIndex;firstValue;secondValue;stateIndex;crc;inputCursor;state;crcIndex;outputCursor;result,5f8b5dcb34125f7e4c44b7e9da6f7686bb8fc205112a64448c1348e15d8f160c,8dcc1e9c2c25201b4cc4e70f04951c5526b171da95c30cd462a094136e702e09,97.74143,0,87,PASS
165,neighbor_evaluation,decryptedData;controlFlags;dataLength;i;firstIndex;secondIndex;firstValue;secondValue;stateIndex;crc;inputCursor;state;outputCursor;crcIndex;result,f30db6c9590b0e64bb31ae5a7de6e8eab1870e6aa0701dae13cbdc25749a2549,8dcc1e9c2c25201b4cc4e70f04951c5526b171da95c30cd462a094136e702e09,97.74143,0,87,PASS
166,neighbor_evaluation,decryptedData;controlFlags;dataLength;i;firstIndex;secondIndex;firstValue;secondValue;stateIndex;crc;inputCursor;state;outputCursor;result;crcIndex,f7d1ee3a26bb79c3b61f64e2d28e1e9dcfa871f584f7832611d714e32905ff8c,8dcc1e9c2c25201b4cc4e70f04951c5526b171da95c30cd462a094136e702e09,97.74143,0,87,PASS
167,neighbor_evaluation,firstIndex;decryptedData;controlFlags;dataLength;i;crcIndex;secondIndex;firstValue;secondValue;stateIndex;crc;inputCursor;state;outputCursor;result,433f6772769698e53fb12832cc8b05bda0cd923e095444d219a61ef3103e5f84,8dcc1e9c2c25201b4cc4e70f04951c5526b171da95c30cd462a094136e702e09,97.74143,0,87,PASS
168,neighbor_evaluation,decryptedData;firstIndex;controlFlags;dataLength;i;crcIndex;secondIndex;firstValue;secondValue;stateIndex;crc;inputCursor;state;outputCursor;result,f18e89f62d613d0eb2b7bca08b7a1f3a2d88ed77028ab2300c726e2f41050dc6,8dcc1e9c2c25201b4cc4e70f04951c5526b171da95c30cd462a094136e702e09,97.74143,0,87,PASS
169,neighbor_evaluation,decryptedData;controlFlags;firstIndex;dataLength;i;crcIndex;secondIndex;firstValue;secondValue;stateIndex;crc;inputCursor;state;outputCursor;result,bf8fd30938f115f9807d19463ce1d0cb6ad9418fc0ec318f480206b8bf25fc9a,8dcc1e9c2c25201b4cc4e70f04951c5526b171da95c30cd462a094136e702e09,97.74143,0,87,PASS
170,neighbor_evaluation,decryptedData;controlFlags;dataLength;firstIndex;i;crcIndex;secondIndex;firstValue;secondValue;stateIndex;crc;inputCursor;state;outputCursor;result,7960c0c2b0959a268a9f73e3fe3776ab09eb05b3e297ed9b23b5b2d6f86b4a98,8dcc1e9c2c25201b4cc4e70f04951c5526b171da95c30cd462a094136e702e09,97.74143,0,87,PASS
171,neighbor_evaluation,decryptedData;controlFlags;dataLength;i;crcIndex;secondIndex;firstValue;firstIndex;secondValue;stateIndex;crc;inputCursor;state;outputCursor;result,d0939beebbfcd9d31dc7c45877d1c04b6069dcf132b1192d78e1a7c0b7f0a7cc,b5db6ee4f1a9ca5ffb476bd3e00e266108c408f6b35732bf7458cd193de9a9ac,97.55452,0,90,PASS
172,neighbor_evaluation,decryptedData;controlFlags;dataLength;i;crcIndex;secondIndex;firstValue;secondValue;firstIndex;stateIndex;crc;inputCursor;state;outputCursor;result,5c8204ce34ad595fd2c9ef43cf21583c79e9aecda8d07d207e49ac33a98b05cc,b5db6ee4f1a9ca5ffb476bd3e00e266108c408f6b35732bf7458cd193de9a9ac,97.55452,0,90,PASS
173,neighbor_evaluation,decryptedData;controlFlags;dataLength;i;crcIndex;secondIndex;firstValue;secondValue;stateIndex;firstIndex;crc;inputCursor;state;outputCursor;result,017df3e777c6c5b67f0c21171dbdf42b98c143317acf059300e81284a3ff3dee,b5db6ee4f1a9ca5ffb476bd3e00e266108c408f6b35732bf7458cd193de9a9ac,97.55452,0,90,PASS
174,neighbor_evaluation,decryptedData;controlFlags;dataLength;i;crcIndex;secondIndex;firstValue;secondValue;stateIndex;crc;firstIndex;inputCursor;state;outputCursor;result,4e900a1351b932a180bfb94b09a64a8fc2296f73c799bcd41c549df2e524a43b,b5db6ee4f1a9ca5ffb476bd3e00e266108c408f6b35732bf7458cd193de9a9ac,97.55452,0,90,PASS
175,neighbor_evaluation,decryptedData;controlFlags;dataLength;i;crcIndex;secondIndex;firstValue;secondValue;stateIndex;crc;inputCursor;firstIndex;state;outputCursor;result,dfc638c112d0a6d23924afb8cc74c116ed456206b06197063c043e45cd25f122,b5db6ee4f1a9ca5ffb476bd3e00e266108c408f6b35732bf7458cd193de9a9ac,97.55452,0,90,PASS
176,neighbor_evaluation,decryptedData;controlFlags;dataLength;i;crcIndex;secondIndex;firstValue;secondValue;stateIndex;crc;inputCursor;state;firstIndex;outputCursor;result,975ecf9a0813048ab2e4aa597f52236ec7eb25d9297d9a3c4b9591897d014089,b0ce1f50ff50b105be5d5dcddcf060f57bea98820f6720237a02754811613cb0,97.38318,0,99,PASS
177,neighbor_evaluation,decryptedData;controlFlags;dataLength;i;crcIndex;secondIndex;firstValue;secondValue;stateIndex;crc;inputCursor;state;outputCursor;firstIndex;result,74c33bf685dd8d324be2bde37ff6b7036451235b312e5d8717da247e2aeb83fa,b0ce1f50ff50b105be5d5dcddcf060f57bea98820f6720237a02754811613cb0,97.38318,0,99,PASS
178,neighbor_evaluation,decryptedData;controlFlags;dataLength;i;crcIndex;secondIndex;firstValue;secondValue;stateIndex;crc;inputCursor;state;outputCursor;result;firstIndex,e9bfd7ba969dee8ff972c3c5ee2f84b866b4cd93638e7892bb5853a303429ef1,b0ce1f50ff50b105be5d5dcddcf060f57bea98820f6720237a02754811613cb0,97.38318,0,99,PASS
179,neighbor_evaluation,secondIndex;decryptedData;controlFlags;dataLength;i;crcIndex;firstIndex;firstValue;secondValue;stateIndex;crc;inputCursor;state;outputCursor;result,3ae6451b0f16f96106112a68d7fbd022b6d9999376fd131a4e6e7dd4324c5ab9,8dcc1e9c2c25201b4cc4e70f04951c5526b171da95c30cd462a094136e702e09,97.74143,0,87,PASS
180,neighbor_evaluation,decryptedData;secondIndex;controlFlags;dataLength;i;crcIndex;firstIndex;firstValue;secondValue;stateIndex;crc;inputCursor;state;outputCursor;result,5eac57d483abc25beeac93e51bc230d26b5ba04f55551c32ab47630921426260,8dcc1e9c2c25201b4cc4e70f04951c5526b171da95c30cd462a094136e702e09,97.74143,0,87,PASS
181,neighbor_evaluation,decryptedData;controlFlags;secondIndex;dataLength;i;crcIndex;firstIndex;firstValue;secondValue;stateIndex;crc;inputCursor;state;outputCursor;result,6ad4db6d7f44bf7bb8cef0f8dfb8fc063bae5af0098ff9e9554bffc7f7e366a3,8dcc1e9c2c25201b4cc4e70f04951c5526b171da95c30cd462a094136e702e09,97.74143,0,87,PASS
182,neighbor_evaluation,decryptedData;controlFlags;dataLength;secondIndex;i;crcIndex;firstIndex;firstValue;secondValue;stateIndex;crc;inputCursor;state;outputCursor;result,8da3d1793f1bf03c85c9713ebd098910ea9457ae95d0a16a9c54372c1abb4797,8dcc1e9c2c25201b4cc4e70f04951c5526b171da95c30cd462a094136e702e09,97.74143,0,87,PASS
183,neighbor_evaluation,decryptedData;controlFlags;dataLength;i;secondIndex;crcIndex;firstIndex;firstValue;secondValue;stateIndex;crc;inputCursor;state;outputCursor;result,5a3a1dc6fbf7d82cb1128c697364d80dd716b810c352721d369551c70cc95572,8dcc1e9c2c25201b4cc4e70f04951c5526b171da95c30cd462a094136e702e09,97.74143,0,87,PASS
184,neighbor_evaluation,decryptedData;controlFlags;dataLength;i;crcIndex;firstIndex;firstValue;secondValue;secondIndex;stateIndex;crc;inputCursor;state;outputCursor;result,de5577237bfd8b1ee7f9ca410933172ba207aca9b6656af4deeae605f3bae99d,243e1cae7fc57681cee68ea32b602aa57c2c97a5454e8afb517ad11c2885d0d0,97.88162,0,87,PASS
185,neighbor_evaluation,decryptedData;controlFlags;dataLength;i;crcIndex;firstIndex;firstValue;secondValue;stateIndex;secondIndex;crc;inputCursor;state;outputCursor;result,7e69cf06b6240ddf9ed22d543d940eb39f1990dda36cbaa9705ee1f1893b16df,243e1cae7fc57681cee68ea32b602aa57c2c97a5454e8afb517ad11c2885d0d0,97.88162,0,87,PASS
186,neighbor_evaluation,decryptedData;controlFlags;dataLength;i;crcIndex;firstIndex;firstValue;secondValue;stateIndex;crc;secondIndex;inputCursor;state;outputCursor;result,20c50adaf33f2277d96fc3443e7ccd841113992edc94a17c40e9b9befffa7816,243e1cae7fc57681cee68ea32b602aa57c2c97a5454e8afb517ad11c2885d0d0,97.88162,0,87,PASS
187,neighbor_evaluation,decryptedData;controlFlags;dataLength;i;crcIndex;firstIndex;firstValue;secondValue;stateIndex;crc;inputCursor;secondIndex;state;outputCursor;result,9e4002bae513e5c412b00985a749f2211021f2151115a2934fe459e536ef2bae,243e1cae7fc57681cee68ea32b602aa57c2c97a5454e8afb517ad11c2885d0d0,97.88162,0,87,PASS
188,neighbor_evaluation,decryptedData;controlFlags;dataLength;i;crcIndex;firstIndex;firstValue;secondValue;stateIndex;crc;inputCursor;state;secondIndex;outputCursor;result,71c674b1706633c01dd254b958ba78b0f68e372ee3fb985ae99e0208c9b86b30,43a330c5bc669cf5785f6a565954e1f4b7214e5293930464555ca9182ff7b52f,97.52336,0,99,PASS
189,neighbor_evaluation,decryptedData;controlFlags;dataLength;i;crcIndex;firstIndex;firstValue;secondValue;stateIndex;crc;inputCursor;state;outputCursor;secondIndex;result,11f77c5f0513bd9619800310527df71cca7e2923a5ad44447d33e8294d0bb059,43a330c5bc669cf5785f6a565954e1f4b7214e5293930464555ca9182ff7b52f,97.52336,0,99,PASS
190,neighbor_evaluation,decryptedData;controlFlags;dataLength;i;crcIndex;firstIndex;firstValue;secondValue;stateIndex;crc;inputCursor;state;outputCursor;result;secondIndex,fd52a1c3062ad9290de395f4c1144c04e4138960d49b34b94d3366838c4f5a6c,43a330c5bc669cf5785f6a565954e1f4b7214e5293930464555ca9182ff7b52f,97.52336,0,99,PASS
191,neighbor_evaluation,firstValue;decryptedData;controlFlags;dataLength;i;crcIndex;firstIndex;secondIndex;secondValue;stateIndex;crc;inputCursor;state;outputCursor;result,59bf42a2d386ffcad40dce9cd5ed505ce2a72d3b7c7ae89481708768e285748e,b5db6ee4f1a9ca5ffb476bd3e00e266108c408f6b35732bf7458cd193de9a9ac,97.55452,0,90,PASS
192,neighbor_evaluation,decryptedData;firstValue;controlFlags;dataLength;i;crcIndex;firstIndex;secondIndex;secondValue;stateIndex;crc;inputCursor;state;outputCursor;result,d8da0319c5de286857de25f3bc14c6ac3b7c2778985ccd965b02dc8e2d6ee3fe,b5db6ee4f1a9ca5ffb476bd3e00e266108c408f6b35732bf7458cd193de9a9ac,97.55452,0,90,PASS
193,neighbor_evaluation,decryptedData;controlFlags;firstValue;dataLength;i;crcIndex;firstIndex;secondIndex;secondValue;stateIndex;crc;inputCursor;state;outputCursor;result,5eec80083b26d05a4b6eabdc6d5de8770a31cd1b7fd4167dd3ea908655481a45,b5db6ee4f1a9ca5ffb476bd3e00e266108c408f6b35732bf7458cd193de9a9ac,97.55452,0,90,PASS
194,neighbor_evaluation,decryptedData;controlFlags;dataLength;firstValue;i;crcIndex;firstIndex;secondIndex;secondValue;stateIndex;crc;inputCursor;state;outputCursor;result,7b9d37230383d19ccfe341d3c1bc42c97898f44db6dbaa0bc3fa2a91f68d5ce2,b5db6ee4f1a9ca5ffb476bd3e00e266108c408f6b35732bf7458cd193de9a9ac,97.55452,0,90,PASS
195,neighbor_evaluation,decryptedData;controlFlags;dataLength;i;firstValue;crcIndex;firstIndex;secondIndex;secondValue;stateIndex;crc;inputCursor;state;outputCursor;result,ed1a8a10e2c8ba01e099538bc17113121621d13cba922d8ff5ff79b432d52a85,b5db6ee4f1a9ca5ffb476bd3e00e266108c408f6b35732bf7458cd193de9a9ac,97.55452,0,90,PASS
196,neighbor_evaluation,decryptedData;controlFlags;dataLength;i;crcIndex;firstValue;firstIndex;secondIndex;secondValue;stateIndex;crc;inputCursor;state;outputCursor;result,bb910cb71ccd1883de76bf97baab39d635a948e6e03db04893679c48d9be0906,b5db6ee4f1a9ca5ffb476bd3e00e266108c408f6b35732bf7458cd193de9a9ac,97.55452,0,90,PASS
197,neighbor_evaluation,decryptedData;controlFlags;dataLength;i;crcIndex;firstIndex;secondIndex;secondValue;stateIndex;firstValue;crc;inputCursor;state;outputCursor;result,7a07d0a7d60538fb6ee5cb8e91e19dfc510cd38b5f92643f1deeac7cbdf403c1,8dcc1e9c2c25201b4cc4e70f04951c5526b171da95c30cd462a094136e702e09,97.74143,0,87,PASS
198,neighbor_evaluation,decryptedData;controlFlags;dataLength;i;crcIndex;firstIndex;secondIndex;secondValue;stateIndex;crc;firstValue;inputCursor;state;outputCursor;result,1cc6024dd9aebdbcf33cae274e4be45184c195cb652e67032f492003255fcea0,8dcc1e9c2c25201b4cc4e70f04951c5526b171da95c30cd462a094136e702e09,97.74143,0,87,PASS
199,neighbor_evaluation,decryptedData;controlFlags;dataLength;i;crcIndex;firstIndex;secondIndex;secondValue;stateIndex;crc;inputCursor;firstValue;state;outputCursor;result,c50a2fe89038af446b7829b4c5ffaf428a0216123d1b367c92efe632feacf8ab,8dcc1e9c2c25201b4cc4e70f04951c5526b171da95c30cd462a094136e702e09,97.74143,0,87,PASS
200,neighbor_evaluation,decryptedData;controlFlags;dataLength;i;crcIndex;firstIndex;secondIndex;secondValue;stateIndex;crc;inputCursor;state;firstValue;outputCursor;result,aa466a5b78e61492a24c1b81f7023afe9ffb123a79fe492128dae72a7d4f88db,129ab39726f8470900ddad876f0ceb3e0ef26f7a018b728c6a4995198f0b8aad,97.38318,0,99,PASS
201,neighbor_evaluation,decryptedData;controlFlags;dataLength;i;crcIndex;firstIndex;secondIndex;secondValue;stateIndex;crc;inputCursor;state;outputCursor;firstValue;result,7eb0f22b9eef6636042e91c1001450154a7d13eccf5a5d873ecb0c0fed0b437f,129ab39726f8470900ddad876f0ceb3e0ef26f7a018b728c6a4995198f0b8aad,97.38318,0,99,PASS
202,neighbor_evaluation,decryptedData;controlFlags;dataLength;i;crcIndex;firstIndex;secondIndex;secondValue;stateIndex;crc;inputCursor;state;outputCursor;result;firstValue,116661d87699d8adaa7475e00c9414f88bd325bc391d6e2caaf815152f2c1ec6,129ab39726f8470900ddad876f0ceb3e0ef26f7a018b728c6a4995198f0b8aad,97.38318,0,99,PASS
203,neighbor_evaluation,secondValue;decryptedData;controlFlags;dataLength;i;crcIndex;firstIndex;secondIndex;firstValue;stateIndex;crc;inputCursor;state;outputCursor;result,b0805cd066b3d3f9657a99b13b1987a07f81aa93d91740192bd4fcf04ae20955,243e1cae7fc57681cee68ea32b602aa57c2c97a5454e8afb517ad11c2885d0d0,97.88162,0,87,PASS
204,neighbor_evaluation,decryptedData;secondValue;controlFlags;dataLength;i;crcIndex;firstIndex;secondIndex;firstValue;stateIndex;crc;inputCursor;state;outputCursor;result,ab77aeb3042713d041dcbd1cea6cfb9ac4aeeab1b9f2aa01273c62b2057d82bf,243e1cae7fc57681cee68ea32b602aa57c2c97a5454e8afb517ad11c2885d0d0,97.88162,0,87,PASS
205,neighbor_evaluation,decryptedData;controlFlags;secondValue;dataLength;i;crcIndex;firstIndex;secondIndex;firstValue;stateIndex;crc;inputCursor;state;outputCursor;result,3e7ec46c34a257b42031f82e357ae02e0a63a8e2f7917afe13bebca36c2f0d27,243e1cae7fc57681cee68ea32b602aa57c2c97a5454e8afb517ad11c2885d0d0,97.88162,0,87,PASS
206,neighbor_evaluation,decryptedData;controlFlags;dataLength;secondValue;i;crcIndex;firstIndex;secondIndex;firstValue;stateIndex;crc;inputCursor;state;outputCursor;result,481e784f7a49915367680ab0e5a1b5fbaa45842d85719249508ffe0d401df1cb,243e1cae7fc57681cee68ea32b602aa57c2c97a5454e8afb517ad11c2885d0d0,97.88162,0,87,PASS
207,neighbor_evaluation,decryptedData;controlFlags;dataLength;i;secondValue;crcIndex;firstIndex;secondIndex;firstValue;stateIndex;crc;inputCursor;state;outputCursor;result,a36bba88fbc16e2764a8551f336df9b3ca232b1a964bddad140ae751fd1217e6,243e1cae7fc57681cee68ea32b602aa57c2c97a5454e8afb517ad11c2885d0d0,97.88162,0,87,PASS
208,neighbor_evaluation,decryptedData;controlFlags;dataLength;i;crcIndex;secondValue;firstIndex;secondIndex;firstValue;stateIndex;crc;inputCursor;state;outputCursor;result,d503e9bc002cf0a6767d88809967295ca24cd3ef0ba3fdf24f0858d7d30552f1,243e1cae7fc57681cee68ea32b602aa57c2c97a5454e8afb517ad11c2885d0d0,97.88162,0,87,PASS
209,neighbor_evaluation,decryptedData;controlFlags;dataLength;i;crcIndex;firstIndex;secondValue;secondIndex;firstValue;stateIndex;crc;inputCursor;state;outputCursor;result,51641cfa436f62b85bc6b39354f14375094418ba8001ee88ff8a488d059a0821,243e1cae7fc57681cee68ea32b602aa57c2c97a5454e8afb517ad11c2885d0d0,97.88162,0,87,PASS
210,neighbor_evaluation,decryptedData;controlFlags;dataLength;i;crcIndex;firstIndex;secondIndex;firstValue;stateIndex;crc;secondValue;inputCursor;state;outputCursor;result,a139583cce43fa43dbd21e8806aff3a2a5e4bd7072c5f2908288d1e7d0d0c6ca,8dcc1e9c2c25201b4cc4e70f04951c5526b171da95c30cd462a094136e702e09,97.74143,0,87,PASS
211,neighbor_evaluation,decryptedData;controlFlags;dataLength;i;crcIndex;firstIndex;secondIndex;firstValue;stateIndex;crc;inputCursor;secondValue;state;outputCursor;result,e941f094dcc1139c029e2c311e5cee790269232ed39350791221b113fc0a33d3,8dcc1e9c2c25201b4cc4e70f04951c5526b171da95c30cd462a094136e702e09,97.74143,0,87,PASS
212,neighbor_evaluation,decryptedData;controlFlags;dataLength;i;crcIndex;firstIndex;secondIndex;firstValue;stateIndex;crc;inputCursor;state;secondValue;outputCursor;result,671c291f8c35acb5710975f00eba34033794528e06a1fb25a934580f8e16f382,fcc905302c7248d4657b3d1f11f336bed804f7451cbb410dea9da51459053510,97.38318,0,99,PASS
213,neighbor_evaluation,decryptedData;controlFlags;dataLength;i;crcIndex;firstIndex;secondIndex;firstValue;stateIndex;crc;inputCursor;state;outputCursor;secondValue;result,c62baff8c404ff81f3ca99fc7d63a689bdd26f61f4ae6df7f289c2419bf7e240,fcc905302c7248d4657b3d1f11f336bed804f7451cbb410dea9da51459053510,97.38318,0,99,PASS
214,neighbor_evaluation,decryptedData;controlFlags;dataLength;i;crcIndex;firstIndex;secondIndex;firstValue;stateIndex;crc;inputCursor;state;outputCursor;result;secondValue,3ed15ca2ec62477b4a99d523ea16acd05b49579ce9a50df51237d1e1b1495f65,fcc905302c7248d4657b3d1f11f336bed804f7451cbb410dea9da51459053510,97.38318,0,99,PASS
215,neighbor_evaluation,stateIndex;decryptedData;controlFlags;dataLength;i;crcIndex;firstIndex;secondIndex;firstValue;secondValue;crc;inputCursor;state;outputCursor;result,70faab5f816cf5475b00b75fd7d72d88d91e2d0824e74041f29042cee74e4473,8dcc1e9c2c25201b4cc4e70f04951c5526b171da95c30cd462a094136e702e09,97.74143,0,87,PASS
216,neighbor_evaluation,decryptedData;stateIndex;controlFlags;dataLength;i;crcIndex;firstIndex;secondIndex;firstValue;secondValue;crc;inputCursor;state;outputCursor;result,a536ca12e2702e9cf624e3be1f6ba0b0dcb4d23eb957f43875fdc857f1bffc17,8dcc1e9c2c25201b4cc4e70f04951c5526b171da95c30cd462a094136e702e09,97.74143,0,87,PASS
217,neighbor_evaluation,decryptedData;controlFlags;stateIndex;dataLength;i;crcIndex;firstIndex;secondIndex;firstValue;secondValue;crc;inputCursor;state;outputCursor;result,1fbde72a04e15df7365b5eb36186bdce47850744b20a7601dd58bcf0adbd9392,8dcc1e9c2c25201b4cc4e70f04951c5526b171da95c30cd462a094136e702e09,97.74143,0,87,PASS
218,neighbor_evaluation,decryptedData;controlFlags;dataLength;stateIndex;i;crcIndex;firstIndex;secondIndex;firstValue;secondValue;crc;inputCursor;state;outputCursor;result,49aa96859167593a24e79655efbc3f6c2433e9526f45b945dd959f17c9a30b49,8dcc1e9c2c25201b4cc4e70f04951c5526b171da95c30cd462a094136e702e09,97.74143,0,87,PASS
219,neighbor_evaluation,decryptedData;controlFlags;dataLength;i;stateIndex;crcIndex;firstIndex;secondIndex;firstValue;secondValue;crc;inputCursor;state;outputCursor;result,de8c31842c066e0f6b827f7a458ba8ca0dcaac438da1192b86aa63d344c4d85d,8dcc1e9c2c25201b4cc4e70f04951c5526b171da95c30cd462a094136e702e09,97.74143,0,87,PASS
220,neighbor_evaluation,decryptedData;controlFlags;dataLength;i;crcIndex;stateIndex;firstIndex;secondIndex;firstValue;secondValue;crc;inputCursor;state;outputCursor;result,9cfaad939dd016a34ea1be663be5658d36290f2a84eb1af3c5a4e20f039f9517,8dcc1e9c2c25201b4cc4e70f04951c5526b171da95c30cd462a094136e702e09,97.74143,0,87,PASS
221,neighbor_evaluation,decryptedData;controlFlags;dataLength;i;crcIndex;firstIndex;stateIndex;secondIndex;firstValue;secondValue;crc;inputCursor;state;outputCursor;result,ac3f3fa218fc2fdb184e78ec2658cde9ed348033a8b4e3abec4dd1dc47911299,8dcc1e9c2c25201b4cc4e70f04951c5526b171da95c30cd462a094136e702e09,97.74143,0,87,PASS
222,neighbor_evaluation,decryptedData;controlFlags;dataLength;i;crcIndex;firstIndex;secondIndex;stateIndex;firstValue;secondValue;crc;inputCursor;state;outputCursor;result,5a1babb9d0d3b8a2534beb162b5718cc7177bcd8d7825f2d490c19b13591b899,8dcc1e9c2c25201b4cc4e70f04951c5526b171da95c30cd462a094136e702e09,97.74143,0,87,PASS
223,neighbor_evaluation,decryptedData;controlFlags;dataLength;i;crcIndex;firstIndex;secondIndex;firstValue;secondValue;crc;inputCursor;stateIndex;state;outputCursor;result,078a8ac0a43de90b7d9cdf4bb610c465697a537b038ded169d08d4a4a7bbb4dd,8dcc1e9c2c25201b4cc4e70f04951c5526b171da95c30cd462a094136e702e09,97.74143,0,87,PASS
224,neighbor_evaluation,decryptedData;controlFlags;dataLength;i;crcIndex;firstIndex;secondIndex;firstValue;secondValue;crc;inputCursor;state;stateIndex;outputCursor;result,974cf1555245234732862f6e97d8b9ce473849af09e30869bf80a37bf558336a,8dcc1e9c2c25201b4cc4e70f04951c5526b171da95c30cd462a094136e702e09,97.74143,0,87,PASS
225,neighbor_evaluation,decryptedData;controlFlags;dataLength;i;crcIndex;firstIndex;secondIndex;firstValue;secondValue;crc;inputCursor;state;outputCursor;stateIndex;result,93b6186c34e60145be619f48aa04eaf944a954d9ab9670d0351dad9a8ee16800,8dcc1e9c2c25201b4cc4e70f04951c5526b171da95c30cd462a094136e702e09,97.74143,0,87,PASS
226,neighbor_evaluation,decryptedData;controlFlags;dataLength;i;crcIndex;firstIndex;secondIndex;firstValue;secondValue;crc;inputCursor;state;outputCursor;result;stateIndex,65c34714d51dc1caa1f0cfc91b5f0f30285dadac9e736ff9092a1f35260f6265,8dcc1e9c2c25201b4cc4e70f04951c5526b171da95c30cd462a094136e702e09,97.74143,0,87,PASS
227,neighbor_evaluation,crc;decryptedData;controlFlags;dataLength;i;crcIndex;firstIndex;secondIndex;firstValue;secondValue;stateIndex;inputCursor;state;outputCursor;result,a31c91cae001c118b3fdd14a1fd7e7280a81d4c087c19bec454812f6ad2f11a1,8dcc1e9c2c25201b4cc4e70f04951c5526b171da95c30cd462a094136e702e09,97.74143,0,87,PASS
228,neighbor_evaluation,decryptedData;crc;controlFlags;dataLength;i;crcIndex;firstIndex;secondIndex;firstValue;secondValue;stateIndex;inputCursor;state;outputCursor;result,effd94a1446dbc7a397f579227734ee751a173ee44062ea8dc54ae5a2e833a84,8dcc1e9c2c25201b4cc4e70f04951c5526b171da95c30cd462a094136e702e09,97.74143,0,87,PASS
229,neighbor_evaluation,decryptedData;controlFlags;crc;dataLength;i;crcIndex;firstIndex;secondIndex;firstValue;secondValue;stateIndex;inputCursor;state;outputCursor;result,a5f56993a9f6c92c29dec4429d63e00439acae4c9c802281b8dbd5bac2ecba9f,8dcc1e9c2c25201b4cc4e70f04951c5526b171da95c30cd462a094136e702e09,97.74143,0,87,PASS
230,neighbor_evaluation,decryptedData;controlFlags;dataLength;crc;i;crcIndex;firstIndex;secondIndex;firstValue;secondValue;stateIndex;inputCursor;state;outputCursor;result,7698fb67c2e3732a86089376224026233f5f00e4da6be63d7bc79c55164d6fcf,8dcc1e9c2c25201b4cc4e70f04951c5526b171da95c30cd462a094136e702e09,97.74143,0,87,PASS
231,neighbor_evaluation,decryptedData;controlFlags;dataLength;i;crc;crcIndex;firstIndex;secondIndex;firstValue;secondValue;stateIndex;inputCursor;state;outputCursor;result,d32ac6f4e6f2be79f7ae350f887447ee24c76e03d2e371f6a0b177426c8b6c95,8dcc1e9c2c25201b4cc4e70f04951c5526b171da95c30cd462a094136e702e09,97.74143,0,87,PASS
232,neighbor_evaluation,decryptedData;controlFlags;dataLength;i;crcIndex;crc;firstIndex;secondIndex;firstValue;secondValue;stateIndex;inputCursor;state;outputCursor;result,7ebeeec5ba4900e41566a2b90b8536f4474838d4dd5fb182748b3a5ece55ca95,8dcc1e9c2c25201b4cc4e70f04951c5526b171da95c30cd462a094136e702e09,97.74143,0,87,PASS
233,neighbor_evaluation,decryptedData;controlFlags;dataLength;i;crcIndex;firstIndex;crc;secondIndex;firstValue;secondValue;stateIndex;inputCursor;state;outputCursor;result,6906fc7048a479839459d8160ce297e7ede06d09709b860fbeb5321e2cf40316,8dcc1e9c2c25201b4cc4e70f04951c5526b171da95c30cd462a094136e702e09,97.74143,0,87,PASS
234,neighbor_evaluation,decryptedData;controlFlags;dataLength;i;crcIndex;firstIndex;secondIndex;crc;firstValue;secondValue;stateIndex;inputCursor;state;outputCursor;result,bbf49984d8411c0a0815a5ff29a6d4e7fff4d0abda708c609d0887d94fe9e921,8dcc1e9c2c25201b4cc4e70f04951c5526b171da95c30cd462a094136e702e09,97.74143,0,87,PASS
235,neighbor_evaluation,decryptedData;controlFlags;dataLength;i;crcIndex;firstIndex;secondIndex;firstValue;crc;secondValue;stateIndex;inputCursor;state;outputCursor;result,057757741bbd1ab5551e49d418b14a612900f1222aefb4a1532773689d8eb59d,8dcc1e9c2c25201b4cc4e70f04951c5526b171da95c30cd462a094136e702e09,97.74143,0,87,PASS
236,neighbor_evaluation,decryptedData;controlFlags;dataLength;i;crcIndex;firstIndex;secondIndex;firstValue;secondValue;stateIndex;inputCursor;state;crc;outputCursor;result,1204686761100883579978ddb176c0623b7410243c92bd3037e553f50c867e3d,8dcc1e9c2c25201b4cc4e70f04951c5526b171da95c30cd462a094136e702e09,97.74143,0,87,PASS
237,neighbor_evaluation,decryptedData;controlFlags;dataLength;i;crcIndex;firstIndex;secondIndex;firstValue;secondValue;stateIndex;inputCursor;state;outputCursor;crc;result,42a711b90e5e69c2d06fff1df0b2cb545748e9ba27e89aa5b8b2f8408c65d260,8dcc1e9c2c25201b4cc4e70f04951c5526b171da95c30cd462a094136e702e09,97.74143,0,87,PASS
238,neighbor_evaluation,decryptedData;controlFlags;dataLength;i;crcIndex;firstIndex;secondIndex;firstValue;secondValue;stateIndex;inputCursor;state;outputCursor;result;crc,bb314af09d84f1c30df11e81fb4a97390e31b8f3be193c3bd4a071c4d53d1241,8dcc1e9c2c25201b4cc4e70f04951c5526b171da95c30cd462a094136e702e09,97.74143,0,87,PASS
239,neighbor_evaluation,inputCursor;decryptedData;controlFlags;dataLength;i;crcIndex;firstIndex;secondIndex;firstValue;secondValue;stateIndex;crc;state;outputCursor;result,a50a669f1ee1c4ca96fa562060567c19ab19f5c0a6f208c0287f15e8f1cff445,8dcc1e9c2c25201b4cc4e70f04951c5526b171da95c30cd462a094136e702e09,97.74143,0,87,PASS
240,neighbor_evaluation,decryptedData;inputCursor;controlFlags;dataLength;i;crcIndex;firstIndex;secondIndex;firstValue;secondValue;stateIndex;crc;state;outputCursor;result,4482867226c369780f5cca3a572512d41419e7e8faa76ffb05651e54b21e0d02,8dcc1e9c2c25201b4cc4e70f04951c5526b171da95c30cd462a094136e702e09,97.74143,0,87,PASS
241,neighbor_evaluation,decryptedData;controlFlags;inputCursor;dataLength;i;crcIndex;firstIndex;secondIndex;firstValue;secondValue;stateIndex;crc;state;outputCursor;result,fb4a6c8f824d12bc9c20b7e82d9c8239bff3c9b96160bfc78544f13387153fa4,8dcc1e9c2c25201b4cc4e70f04951c5526b171da95c30cd462a094136e702e09,97.74143,0,87,PASS
242,neighbor_evaluation,decryptedData;controlFlags;dataLength;inputCursor;i;crcIndex;firstIndex;secondIndex;firstValue;secondValue;stateIndex;crc;state;outputCursor;result,1689196b03346ea5c61c26641f95fdc25ceaf93849cc22005dca9d61bc8f7ff9,8dcc1e9c2c25201b4cc4e70f04951c5526b171da95c30cd462a094136e702e09,97.74143,0,87,PASS
243,neighbor_evaluation,decryptedData;controlFlags;dataLength;i;inputCursor;crcIndex;firstIndex;secondIndex;firstValue;secondValue;stateIndex;crc;state;outputCursor;result,1459cb5d073ebee1ae9644fe21aab1272ef14de78712a6aa5aa0782785c633e1,8dcc1e9c2c25201b4cc4e70f04951c5526b171da95c30cd462a094136e702e09,97.74143,0,87,PASS
244,neighbor_evaluation,decryptedData;controlFlags;dataLength;i;crcIndex;inputCursor;firstIndex;secondIndex;firstValue;secondValue;stateIndex;crc;state;outputCursor;result,679e50ad2369357419b2d97e7fe82e4a4db56540cab3fd723591333ee8cb9050,8dcc1e9c2c25201b4cc4e70f04951c5526b171da95c30cd462a094136e702e09,97.74143,0,87,PASS
245,neighbor_evaluation,decryptedData;controlFlags;dataLength;i;crcIndex;firstIndex;inputCursor;secondIndex;firstValue;secondValue;stateIndex;crc;state;outputCursor;result,f277c4c7bc584f31bb06b1aee7aa02c445ded7fd6cef40a63c14a8834be793fc,8dcc1e9c2c25201b4cc4e70f04951c5526b171da95c30cd462a094136e702e09,97.74143,0,87,PASS
246,neighbor_evaluation,decryptedData;controlFlags;dataLength;i;crcIndex;firstIndex;secondIndex;inputCursor;firstValue;secondValue;stateIndex;crc;state;outputCursor;result,bb5ae44aeccf514b66a37ed17298c55c2a275f819069678478da8c15143b9b4b,8dcc1e9c2c25201b4cc4e70f04951c5526b171da95c30cd462a094136e702e09,97.74143,0,87,PASS
247,neighbor_evaluation,decryptedData;controlFlags;dataLength;i;crcIndex;firstIndex;secondIndex;firstValue;inputCursor;secondValue;stateIndex;crc;state;outputCursor;result,4104131dc0c331ed76dde4d645847c61adc9f949481a4df7c0aad3f9d2af9296,8dcc1e9c2c25201b4cc4e70f04951c5526b171da95c30cd462a094136e702e09,97.74143,0,87,PASS
248,neighbor_evaluation,decryptedData;controlFlags;dataLength;i;crcIndex;firstIndex;secondIndex;firstValue;secondValue;inputCursor;stateIndex;crc;state;outputCursor;result,7093b81184b5ec13929dfd47436dba408282621a5ea9153a14944d146cd8cf00,8dcc1e9c2c25201b4cc4e70f04951c5526b171da95c30cd462a094136e702e09,97.74143,0,87,PASS
249,neighbor_evaluation,decryptedData;controlFlags;dataLength;i;crcIndex;firstIndex;secondIndex;firstValue;secondValue;stateIndex;crc;state;outputCursor;inputCursor;result,31c224b690cfdfe7c172034df685173db1da619f0ecfa3afe22303d2c1536cb1,860b0d2fb48899eaef9d4754b3a6c3ffe56ea14ee7e76c1407aec3914556f0b4,97.35203,0,102,PASS
250,neighbor_evaluation,decryptedData;controlFlags;dataLength;i;crcIndex;firstIndex;secondIndex;firstValue;secondValue;stateIndex;crc;state;outputCursor;result;inputCursor,f15195ab0bd353c5f5909019cbc82113be1ba6ae0d1dc0fcd7cb5fd9816f996a,860b0d2fb48899eaef9d4754b3a6c3ffe56ea14ee7e76c1407aec3914556f0b4,97.35203,0,102,PASS
251,neighbor_evaluation,state;decryptedData;controlFlags;dataLength;i;crcIndex;firstIndex;secondIndex;firstValue;secondValue;stateIndex;crc;inputCursor;outputCursor;result,83f75cf4dbe63e6d8bef5f684950fd34c0e98c72ba5e7992b2fbd36abb434eac,dfd1d67850d1a29039c7d60ad6673ff04cbe0d18eb2128f75be6ab5f96255667,97.850464,0,93,PASS
252,neighbor_evaluation,decryptedData;state;controlFlags;dataLength;i;crcIndex;firstIndex;secondIndex;firstValue;secondValue;stateIndex;crc;inputCursor;outputCursor;result,ae21b0c0d38d61276e5154934008b1542100ffe93289c4e25b5734aa67a325f2,dfd1d67850d1a29039c7d60ad6673ff04cbe0d18eb2128f75be6ab5f96255667,97.850464,0,93,PASS
253,neighbor_evaluation,decryptedData;controlFlags;state;dataLength;i;crcIndex;firstIndex;secondIndex;firstValue;secondValue;stateIndex;crc;inputCursor;outputCursor;result,1a2a2d24304dff73a925c8570a448eac5341582529b524cc36aa221fa798ed22,dfd1d67850d1a29039c7d60ad6673ff04cbe0d18eb2128f75be6ab5f96255667,97.850464,0,93,PASS
254,neighbor_evaluation,decryptedData;controlFlags;dataLength;state;i;crcIndex;firstIndex;secondIndex;firstValue;secondValue;stateIndex;crc;inputCursor;outputCursor;result,a3fb6f400789dcc5e18a6d4d92b837adb77111e1f9c7d4cde9a8185d9db22ced,dfd1d67850d1a29039c7d60ad6673ff04cbe0d18eb2128f75be6ab5f96255667,97.850464,0,93,PASS
255,neighbor_evaluation,decryptedData;controlFlags;dataLength;i;state;crcIndex;firstIndex;secondIndex;firstValue;secondValue;stateIndex;crc;inputCursor;outputCursor;result,0a87c9ce186c1f8d5d9562ee648270f06e2543b6ec75bab1ce09b77f9eab0ad4,dfd1d67850d1a29039c7d60ad6673ff04cbe0d18eb2128f75be6ab5f96255667,97.850464,0,93,PASS
256,neighbor_evaluation,decryptedData;controlFlags;dataLength;i;crcIndex;state;firstIndex;secondIndex;firstValue;secondValue;stateIndex;crc;inputCursor;outputCursor;result,0ecf95a2414884be17e62d057994f7f54d53878385200266ba8e78cc1f0fd2af,dfd1d67850d1a29039c7d60ad6673ff04cbe0d18eb2128f75be6ab5f96255667,97.850464,0,93,PASS
257,neighbor_evaluation,decryptedData;controlFlags;dataLength;i;crcIndex;firstIndex;state;secondIndex;firstValue;secondValue;stateIndex;crc;inputCursor;outputCursor;result,c133c39f34e792c4ffdccc166c35671aeb2a7ccbb5c9a259b401e4889169b5ed,129ab39726f8470900ddad876f0ceb3e0ef26f7a018b728c6a4995198f0b8aad,97.38318,0,99,PASS
258,neighbor_evaluation,decryptedData;controlFlags;dataLength;i;crcIndex;firstIndex;secondIndex;state;firstValue;secondValue;stateIndex;crc;inputCursor;outputCursor;result,d6b30ef7f5b599ff66da5bb9c6e97657886254c39eee19037e608622caf10d54,129ab39726f8470900ddad876f0ceb3e0ef26f7a018b728c6a4995198f0b8aad,97.38318,0,99,PASS
259,neighbor_evaluation,decryptedData;controlFlags;dataLength;i;crcIndex;firstIndex;secondIndex;firstValue;state;secondValue;stateIndex;crc;inputCursor;outputCursor;result,2651f320de2975fa099bfcdd6f88eb026c47f91fe8817a6af943c2afbddc901b,fcc905302c7248d4657b3d1f11f336bed804f7451cbb410dea9da51459053510,97.38318,0,99,PASS
260,neighbor_evaluation,decryptedData;controlFlags;dataLength;i;crcIndex;firstIndex;secondIndex;firstValue;secondValue;state;stateIndex;crc;inputCursor;outputCursor;result,23e17f7b930c0819720c76a3f077cdeb85f9cb4a6620012a3e752cab37f3b27c,f12ea45b2cb514f94502d8a9c4230f11882c76dcbb75d90e0ac291e80697ad30,97.47664,0,96,PASS
261,neighbor_evaluation,decryptedData;controlFlags;dataLength;i;crcIndex;firstIndex;secondIndex;firstValue;secondValue;stateIndex;state;crc;inputCursor;outputCursor;result,4bcea611ab7043f964611128c38fa68a2fc701f4f13fdbe01806de2c45d3bf2b,f12ea45b2cb514f94502d8a9c4230f11882c76dcbb75d90e0ac291e80697ad30,97.47664,0,96,PASS
262,neighbor_evaluation,decryptedData;controlFlags;dataLength;i;crcIndex;firstIndex;secondIndex;firstValue;secondValue;stateIndex;crc;inputCursor;outputCursor;result;state,18b7157bc1de678f4c4479cf9d9938d467239c49cc26e2a04cbd6f6a460ff6d9,0535a63eb8c8d27a21c5e9629babd82e6b732ddf85fa9eef08f154604468eef5,97.47664,0,99,PASS
263,neighbor_evaluation,outputCursor;decryptedData;controlFlags;dataLength;i;crcIndex;firstIndex;secondIndex;firstValue;secondValue;stateIndex;crc;inputCursor;state;result,32e29f7f3deeeabcdf0ffb867f752e0c1e1311180c5cf1db9baa06739dd23e3e,c3d0eece71331fb9838998c684bc7963e5b63fb6eb7fbef9ce3c6ca7d5d20644,97.35203,0,102,PASS
264,neighbor_evaluation,decryptedData;outputCursor;controlFlags;dataLength;i;crcIndex;firstIndex;secondIndex;firstValue;secondValue;stateIndex;crc;inputCursor;state;result,b04c9d137db3d9edd42ec55d5a333e487f9ab17cd27f6eff9f42b4b89b6cdaf3,c3d0eece71331fb9838998c684bc7963e5b63fb6eb7fbef9ce3c6ca7d5d20644,97.35203,0,102,PASS
265,neighbor_evaluation,decryptedData;controlFlags;outputCursor;dataLength;i;crcIndex;firstIndex;secondIndex;firstValue;secondValue;stateIndex;crc;inputCursor;state;result,1deb0279a3ff6407283a6a9025ba741be9be3b3ca8e05cae5b2bddd2f0f82523,c3d0eece71331fb9838998c684bc7963e5b63fb6eb7fbef9ce3c6ca7d5d20644,97.35203,0,102,PASS
266,neighbor_evaluation,decryptedData;controlFlags;dataLength;outputCursor;i;crcIndex;firstIndex;secondIndex;firstValue;secondValue;stateIndex;crc;inputCursor;state;result,3f80665e3e62367a7c346a3bc6ffce01b2f1446824fae4bdc353d08fed5d57c3,c3d0eece71331fb9838998c684bc7963e5b63fb6eb7fbef9ce3c6ca7d5d20644,97.35203,0,102,PASS
267,neighbor_evaluation,decryptedData;controlFlags;dataLength;i;outputCursor;crcIndex;firstIndex;secondIndex;firstValue;secondValue;stateIndex;crc;inputCursor;state;result,7571e60fed5554a5442bba097c3d719ca13e8e66e7e71f96a13812ca581f72bc,c3d0eece71331fb9838998c684bc7963e5b63fb6eb7fbef9ce3c6ca7d5d20644,97.35203,0,102,PASS
268,neighbor_evaluation,decryptedData;controlFlags;dataLength;i;crcIndex;outputCursor;firstIndex;secondIndex;firstValue;secondValue;stateIndex;crc;inputCursor;state;result,69a0e9ab50375736a659e4beaa23c42c51d27a57323f119e90fc1b4446ab84e8,c3d0eece71331fb9838998c684bc7963e5b63fb6eb7fbef9ce3c6ca7d5d20644,97.35203,0,102,PASS
269,neighbor_evaluation,decryptedData;controlFlags;dataLength;i;crcIndex;firstIndex;outputCursor;secondIndex;firstValue;secondValue;stateIndex;crc;inputCursor;state;result,8674ea7f253975e1a371ded2961b48a185efd37f3d422933faf5fcf5dfb453cd,c3d0eece71331fb9838998c684bc7963e5b63fb6eb7fbef9ce3c6ca7d5d20644,97.35203,0,102,PASS
270,neighbor_evaluation,decryptedData;controlFlags;dataLength;i;crcIndex;firstIndex;secondIndex;outputCursor;firstValue;secondValue;stateIndex;crc;inputCursor;state;result,f960040d362b4386d9605b74d25c25c8cf8f3de5da28b0f00cfb0f9182d06b6e,c3d0eece71331fb9838998c684bc7963e5b63fb6eb7fbef9ce3c6ca7d5d20644,97.35203,0,102,PASS
271,neighbor_evaluation,decryptedData;controlFlags;dataLength;i;crcIndex;firstIndex;secondIndex;firstValue;outputCursor;secondValue;stateIndex;crc;inputCursor;state;result,1bf8488c8798909fc284b622efadd535a24606e36f90f1f5e164e4a575c990f1,c3d0eece71331fb9838998c684bc7963e5b63fb6eb7fbef9ce3c6ca7d5d20644,97.35203,0,102,PASS
272,neighbor_evaluation,decryptedData;controlFlags;dataLength;i;crcIndex;firstIndex;secondIndex;firstValue;secondValue;outputCursor;stateIndex;crc;inputCursor;state;result,1a140e7a30b25a8a4f43b4008cb15a926fec8632ab7be0bfe555004fb0223a16,c3d0eece71331fb9838998c684bc7963e5b63fb6eb7fbef9ce3c6ca7d5d20644,97.35203,0,102,PASS
273,neighbor_evaluation,decryptedData;controlFlags;dataLength;i;crcIndex;firstIndex;secondIndex;firstValue;secondValue;stateIndex;outputCursor;crc;inputCursor;state;result,310b766e1662b200eb07b442cb926b8ad42950ac4a1bdd8e78bbb69cc0be0628,c3d0eece71331fb9838998c684bc7963e5b63fb6eb7fbef9ce3c6ca7d5d20644,97.35203,0,102,PASS
274,neighbor_evaluation,decryptedData;controlFlags;dataLength;i;crcIndex;firstIndex;secondIndex;firstValue;secondValue;stateIndex;crc;outputCursor;inputCursor;state;result,6d75c3424c42f71d35891b2a8961fa9b1f3ee7b6fdb2049d0348db3bba4ca8e8,c3d0eece71331fb9838998c684bc7963e5b63fb6eb7fbef9ce3c6ca7d5d20644,97.35203,0,102,PASS
275,neighbor_evaluation,result;decryptedData;controlFlags;dataLength;i;crcIndex;firstIndex;secondIndex;firstValue;secondValue;stateIndex;crc;inputCursor;state;outputCursor,b2f72ac7f27349ac0b5dcd5a81fe1f1ac6b1a5067e046069982ebafe9523124f,8dcc1e9c2c25201b4cc4e70f04951c5526b171da95c30cd462a094136e702e09,97.74143,0,87,PASS
276,neighbor_evaluation,decryptedData;result;controlFlags;dataLength;i;crcIndex;firstIndex;secondIndex;firstValue;secondValue;stateIndex;crc;inputCursor;state;outputCursor,6d868b9600e0611d22178815ac9c8cc3094d2ff0ad91d57fd0bada39285080db,8dcc1e9c2c25201b4cc4e70f04951c5526b171da95c30cd462a094136e702e09,97.74143,0,87,PASS
277,neighbor_evaluation,decryptedData;controlFlags;result;dataLength;i;crcIndex;firstIndex;secondIndex;firstValue;secondValue;stateIndex;crc;inputCursor;state;outputCursor,906d41ea55243df8467b7b931b1e8149bacf9487e376a41e78d1280e1deb1dad,8dcc1e9c2c25201b4cc4e70f04951c5526b171da95c30cd462a094136e702e09,97.74143,0,87,PASS
278,neighbor_evaluation,decryptedData;controlFlags;dataLength;result;i;crcIndex;firstIndex;secondIndex;firstValue;secondValue;stateIndex;crc;inputCursor;state;outputCursor,24ba1196cf65dbb0c791c48110a1decac7fbc13d844739cb0b1ba47c830a1336,8dcc1e9c2c25201b4cc4e70f04951c5526b171da95c30cd462a094136e702e09,97.74143,0,87,PASS
279,neighbor_evaluation,decryptedData;controlFlags;dataLength;i;result;crcIndex;firstIndex;secondIndex;firstValue;secondValue;stateIndex;crc;inputCursor;state;outputCursor,3a60d1e08edd080b5df86e286abbd8ecebac3e756da2cc369162509badee0a11,8dcc1e9c2c25201b4cc4e70f04951c5526b171da95c30cd462a094136e702e09,97.74143,0,87,PASS
280,neighbor_evaluation,decryptedData;controlFlags;dataLength;i;crcIndex;result;firstIndex;secondIndex;firstValue;secondValue;stateIndex;crc;inputCursor;state;outputCursor,8a497e8d985a912db6252f043b7f848f57ef9357b6c32253e63d449c91bf8d94,8dcc1e9c2c25201b4cc4e70f04951c5526b171da95c30cd462a094136e702e09,97.74143,0,87,PASS
281,neighbor_evaluation,decryptedData;controlFlags;dataLength;i;crcIndex;firstIndex;result;secondIndex;firstValue;secondValue;stateIndex;crc;inputCursor;state;outputCursor,57159cd7ef307ab7a3bae9a0577587d7b64d551b095f4a935cdb623f49e170bb,8dcc1e9c2c25201b4cc4e70f04951c5526b171da95c30cd462a094136e702e09,97.74143,0,87,PASS
282,neighbor_evaluation,decryptedData;controlFlags;dataLength;i;crcIndex;firstIndex;secondIndex;result;firstValue;secondValue;stateIndex;crc;inputCursor;state;outputCursor,014b2f02267901989709a194ccbf46a94be71e9b42835be1123cdafd95c2111c,8dcc1e9c2c25201b4cc4e70f04951c5526b171da95c30cd462a094136e702e09,97.74143,0,87,PASS
283,neighbor_evaluation,decryptedData;controlFlags;dataLength;i;crcIndex;firstIndex;secondIndex;firstValue;result;secondValue;stateIndex;crc;inputCursor;state;outputCursor,47c5577caac682a3e9560ba52ce3edf1e2372f312d1b740cf02719e25447c018,8dcc1e9c2c25201b4cc4e70f04951c5526b171da95c30cd462a094136e702e09,97.74143,0,87,PASS
284,neighbor_evaluation,decryptedData;controlFlags;dataLength;i;crcIndex;firstIndex;secondIndex;firstValue;secondValue;result;stateIndex;crc;inputCursor;state;outputCursor,a9daf6f6c19cfceebd009dc47630fcb951e893e95157973db6408ec0fc38e0d5,8dcc1e9c2c25201b4cc4e70f04951c5526b171da95c30cd462a094136e702e09,97.74143,0,87,PASS
285,neighbor_evaluation,decryptedData;controlFlags;dataLength;i;crcIndex;firstIndex;secondIndex;firstValue;secondValue;stateIndex;result;crc;inputCursor;state;outputCursor,5a1236861f764ae70b73df542b38fe9ca70811d6f7f8f102cc60bfb8c23f0449,8dcc1e9c2c25201b4cc4e70f04951c5526b171da95c30cd462a094136e702e09,97.74143,0,87,PASS
286,neighbor_evaluation,decryptedData;controlFlags;dataLength;i;crcIndex;firstIndex;secondIndex;firstValue;secondValue;stateIndex;crc;result;inputCursor;state;outputCursor,7b2c513c64ca4e2da056bc2626a66a119557cb13bf80a8e229e760ddf0b82be0,8dcc1e9c2c25201b4cc4e70f04951c5526b171da95c30cd462a094136e702e09,97.74143,0,87,PASS
287,neighbor_evaluation,decryptedData;controlFlags;dataLength;i;crcIndex;firstIndex;secondIndex;firstValue;secondValue;stateIndex;crc;inputCursor;result;state;outputCursor,8e96ade46bfc83ea6a6d51226e29ecea96e4e66140ab910a408e2904a8512ef9,8dcc1e9c2c25201b4cc4e70f04951c5526b171da95c30cd462a094136e702e09,97.74143,0,87,PASS
288,restoration,decryptedData;controlFlags;dataLength;i;crcIndex;firstIndex;secondIndex;firstValue;secondValue;stateIndex;crc;inputCursor;state;outputCursor;result,ac7a459ef23327c3dd415b3146391da10553ce8bddeb82b9a4030c120dbd44b4,8dcc1e9c2c25201b4cc4e70f04951c5526b171da95c30cd462a094136e702e09,97.74143,0,87,PASS
